OrderID,OrderDate,ProductName,Category,Sales,Quantity,CustomerName,Region
e3e70682-c209-4cac-a29f-6fbed82c07cd,2023-06-05,kitchen,Clothing,392.41,8,Brianna Pacheco,North
f728b4fa-4248-4e3a-8a5d-2f346baa9455,2024-10-31,particular,Home,419.04,6,Lori Lee,East
eb1167b3-67a9-4378-bc65-c1e582e2e662,2024-12-09,natural,Clothing,459.88,3,Chad Morris,South
f7c1bd87-4da5-4709-9471-3d60c8a70639,2023-10-19,officer,Electronics,84.69,3,Robert Cooper,South
e443df78-9558-467f-9ba9-1faf7a024204,2023-05-26,carry,Books,62.8,3,William Bush,East
23a7711a-8133-4876-b7eb-dcd9e87a1613,2023-08-29,see,Toys,154.44,9,Kathleen Davis,South
1846d424-c17c-4279-a3c6-612f48268673,2023-05-17,glass,Clothing,270.17,2,Jill Stewart,South
fcbd04c3-4021-4ef7-8ca5-a5a19e4d6e3c,2024-09-02,senior,Toys,215.04,4,Eugene Nelson,North
b4862b21-fb97-4435-8856-1712e8e5216a,2023-05-12,over,Books,186.58,1,Micheal Wilson,East
259f4329-e6f4-490b-9a16-4106cf6a659e,2024-01-14,reality,Electronics,188.24,8,Peter Collins,East
12e0c8b2-bad6-40fb-9948-8dec4f65d4d9,2024-05-19,none,Home,81.08,5,Sharon Lopez,South
5487ce1e-af19-422a-99b8-a714e61a441c,2023-04-21,important,Home,239.36,2,Margaret Jackson,North
5a921187-19c7-4df4-8f4f-f31e78de5857,2024-04-13,window,Clothing,382.3,2,Karen Allen,West
a3f2c9bf-9c63-46b9-90f2-44556f25e2a2,2024-03-28,deep,Books,325.63,6,Stephanie Mosley,North
8d723104-f773-43c1-b458-a748e9bb17bc,2024-01-21,fire,Toys,431.14,4,James Davis,West
85776e9a-dd84-439e-b154-5a137a1d5006,2023-11-06,beyond,Books,156.75,5,Matthew Mann,South
eb2083e6-ce16-4dba-8ff1-8e0242af9fc3,2024-03-24,light,Clothing,470.55,8,Brian Chen,West
17e0aa3c-0398-4ca8-aa7e-9d498c778ea6,2024-04-25,range,Books,448.9,9,Lisa Davis,North
b5d32b16-6619-4cb1-9710-37d1b83e90ec,2024-12-24,prove,Toys,360.35,3,Kevin Robinson,East
a0116be5-ab0c-4681-88f8-e3d0d3290a4c,2024-12-01,expect,Home,300.59,7,Elizabeth Mckenzie,South
d3fbf47a-7e5b-4e7f-9ca5-499d004ae545,2024-10-23,economic,Books,320.8,3,Kiara Park,South
baf3897a-3e70-416a-9548-5822de1b372a,2023-06-19,suddenly,Electronics,155.98,1,Lori Lucas,North
101fbccc-ded7-43e8-b421-eaeb534097ca,2024-11-27,radio,Electronics,314.46,2,Steven Thompson,South
38c1962e-9148-424f-aac1-c14f30e9c5cc,2022-12-27,everybody,Clothing,219.82,3,Nathaniel Lewis,North
247a8333-f7b0-47d2-8da8-056c3d15eef7,2023-02-05,weight,Clothing,377.06,2,Stephanie Howard,West
1759edc3-72ae-4244-8b01-63c1cd9d2b7d,2023-11-28,stage,Clothing,160.91,5,Sheila Hopkins,West
e005b860-51ef-4922-be43-c49e149818d1,2024-11-21,follow,Books,199.89,7,Jose Robles,West
7d41e602-eece-428b-bf7b-118e820865d6,2024-04-07,become,Books,226.14,3,Mrs. Amy Bailey DDS,North
4a84eb03-8d1f-49b7-8d2b-9deb1beb3711,2023-01-18,hold,Clothing,290.85,8,Ana Moon,West
552f233a-8c25-466a-9ff3-9849b4e1357d,2024-05-10,check,Electronics,138.13,7,Brett Walton,East
3405095c-8a50-46c1-ac18-8efbd080e66e,2024-05-11,listen,Home,499.93,3,Cesar Young,South
8c1745a7-9a6a-4f92-8ca7-4147f6be1f72,2024-05-11,agree,Clothing,255.66,4,Mary Dalton,West
1775336d-71ea-4d05-89a3-e80e966e1277,2024-12-16,imagine,Toys,328.65,10,Marcia Olson,West
5129fb7c-6288-41a5-8c45-782198a6416d,2023-04-09,question,Books,326.48,2,Mary Nelson,East
2f120554-4a53-48cc-bdfa-bc08935ddd72,2024-01-19,line,Electronics,484.08,10,Marcus Howell,North
0870e15c-2fcd-41b5-924b-ace4307bf326,2023-03-01,area,Home,136.04,9,Craig Kelley,North
42930b33-a81a-4477-bb36-75b89cdeb3e6,2023-11-15,program,Clothing,479.42,3,Emily Thompson,North
adc0da7a-16fe-4aa0-91af-923d79fdef7c,2023-08-23,standard,Books,212.68,1,Joseph Rice,South
2648ee38-e074-45eb-a156-63abc1f254b8,2023-09-08,spend,Electronics,437.1,9,Kimberly Hopkins,South
148b2758-d7ab-4928-89e4-69e6ec62b2c8,2024-04-29,feeling,Clothing,253.45,3,Emily Flynn,North
d450fe4a-ec4f-417b-b306-d1a8e5eeac76,2024-12-05,Mrs,Books,55.08,9,Gary Snyder,East
d67e55fd-642b-4a42-aef9-c00b8a64c1b9,2024-04-24,pretty,Toys,375.26,8,Nancy Johnson,West
85940927-468f-453d-864a-7a50b48d73f1,2024-12-13,sport,Electronics,315.93,10,Renee Smith,East
37176e84-d977-4993-bc49-d76fcfc6e625,2024-09-26,language,Clothing,192.39,7,Alicia Taylor,East
d3447490-96fd-45d0-adf2-0806e5214606,2024-04-18,management,Books,290.58,3,Amy Solomon,South
46743741-9466-4472-ab5f-5241f323ca74,2023-05-20,popular,Books,179.81,10,Pamela Leonard,East
a425799a-a905-4750-be1e-a9c573581a81,2024-07-01,threat,Toys,456.12,9,Monique Jacobson,North
fb82860d-eabc-48d0-b341-facdff0ac0f1,2023-02-10,outside,Books,384.56,5,James Banks,South
5306f3f5-1516-4570-9b7c-709acb175a5a,2023-09-14,six,Electronics,498.96,9,Meghan Richardson,East
964a870c-7c87-4b74-9d87-8f9f9cdf5a86,2023-04-11,nation,Books,255.84,1,James Williams,West
30bcab0e-d857-4102-95d4-4936a1515607,2023-08-27,day,Books,413.47,3,Laura Blackwell,West
4562be7f-bb42-40b2-8426-465e3e37952d,2024-05-18,college,Toys,346.25,1,Jennifer Rowe,West
5f3f5638-3870-4a14-b490-b6081dfc8352,2024-07-27,third,Books,152.39,1,Mark Velazquez,West
6d16ee18-5521-46dd-aba4-b180cb69ca38,2023-07-26,account,Books,199.61,5,Emily Ramirez,South
c87a7463-19c1-4a0d-8feb-d845d0dfae43,2024-01-06,example,Electronics,403.46,2,Stephen Peterson,South
38018b47-b29a-4b06-9af6-6c5f2577bffa,2024-01-02,both,Home,359.32,2,Gary Adams,North
a25b59fd-92e8-4269-912e-cbc40b9475b1,2024-04-11,those,Books,87.03,4,Jill Ferguson,West
9a27d858-88c1-42ad-afbf-c19ee8f6cf32,2024-12-02,image,Toys,424.65,5,George Powell,West
1fdb8b32-06d5-49e8-92f1-75ffae3b16ec,2023-09-07,second,Home,83.64,9,Diana Horton,South
d480865f-9b38-4e80-b042-e325a28f5ab0,2023-07-22,even,Toys,301.11,4,Terry Owens,West
176ea1b1-6426-4cd5-9ea4-5cd69371a71f,2024-11-19,decade,Toys,425.54,8,Jeffrey Singh,North
1db53334-fb03-43a1-9576-d4155ec17dbe,2024-05-09,memory,Books,425.92,4,Robin Anderson,East
31d0b664-0589-4877-9b02-52440950fd13,2023-02-23,up,Electronics,388.89,3,Karen Tapia,East
b7d6467b-2f5a-422a-b87f-43fdf6062541,2023-12-16,market,Clothing,233.15,6,Todd Lee,South
ba26d851-35e8-479a-baaf-0e891fb797fa,2024-09-09,evidence,Electronics,140.88,7,Debra Randall,East
ade9b2b4-efdd-45f8-8fa3-4266ccfdba9b,2024-08-02,myself,Electronics,86.54,5,Scott Stanley,East
9edfa3da-6cf5-4b15-8b53-031d05d51433,2023-04-27,international,Toys,109.74,1,Timothy Hamilton,South
11ebcd49-428a-4c22-95fd-b76a19fbeb1d,2024-11-21,cause,Books,254.16,10,Ryan Brown,East
4d125e7f-a59c-4c98-926c-bc8f38884479,2023-03-18,politics,Toys,166.66,8,Omar Davis,East
0fa07a3f-2e29-4065-afa2-31e959acdd98,2024-01-27,modern,Electronics,412.74,4,Anna Ayers,North
98b33c6e-0a14-490a-b795-e98680ee526e,2023-07-14,executive,Toys,464.34,7,Justin Lucas,West
642aad48-fcfc-4a81-b306-d70019d5f970,2024-03-03,TV,Books,411.48,4,Brendan Freeman,West
e786ab37-5bca-47be-8298-17c53308fb2e,2024-07-02,consider,Clothing,326.85,5,Steven Harris,North
e6fd68e8-d69c-41c2-b860-1602bb4a06cb,2023-11-04,rule,Toys,102.38,9,Kyle Wallace,South
b29c467d-2b5f-4932-91dc-59efeb21a3f6,2024-04-10,administration,Toys,479.96,4,Charles Larsen,South
c470f0e7-f76f-4fb8-b412-fc12ac322c12,2023-12-07,despite,Home,430.02,10,Stuart Shepard,East
28805c5d-ad1b-4f60-89e4-dab20edc6d2b,2023-11-17,group,Toys,13.49,9,Tim Baker,South
878b9f6b-57a1-4b71-a975-d279d86dbf11,2024-05-29,every,Books,342.21,5,Erika Griffin,East
ebe21368-98c7-4205-9e01-a934402d0baf,2023-04-27,section,Home,96.61,6,Kimberly Webster,South
0361524c-2cc0-4859-aa65-24ab713b7e05,2024-04-09,seat,Toys,113.05,3,Antonio Cooper,South
e66cd36e-68ef-4f5f-ae68-690a78bc7175,2024-12-11,traditional,Electronics,232.63,1,Rebekah Howe,South
eae2025e-8233-4e23-9ff3-334b91b15f5d,2023-11-15,teach,Electronics,298.15,8,Erin Olson,West
637e0edc-5b6e-4ae7-a620-81434fbaecc0,2024-08-11,boy,Home,95.01,2,David Savage Jr.,North
27460f22-403d-4f83-a859-890cd670f668,2023-04-02,really,Books,351.05,3,William Castro,North
753c7c99-032f-46ca-b0d9-c2aa8f837ef7,2024-06-10,allow,Clothing,454.62,8,Abigail Cain,North
bd30291a-55fe-408e-943e-2e04bdd7d19b,2024-05-18,least,Toys,55.01,5,Selena Navarro,East
2284b7a4-47e7-4593-8b58-85ca0bb2c3f0,2024-09-16,force,Toys,234.55,3,Mrs. Natasha Kirk DDS,North
7b59051b-f400-48d7-831d-5a973d792fa1,2024-12-22,future,Books,163.89,1,Sabrina Nelson,East
ac642b4c-49b2-4ded-9c31-d9b25a2b745b,2024-08-17,pretty,Clothing,231.48,8,Jared Johnson,South
e456697c-f268-4baa-971c-702d5bf49c04,2024-08-27,service,Home,267.26,1,Roberta Anderson,West
21e15094-9efe-4464-9a90-f534a23d4c9d,2023-03-22,wife,Books,130.65,6,Erin Lawson,North
bf9cc545-6355-48f7-8f6f-a985b732d46f,2024-03-23,data,Books,225.74,7,Jeremy Lynch DVM,North
14aa451c-a69c-4b85-9432-f8db6a174c1c,2024-08-16,give,Books,336.38,9,Alexander York,West
b2d650af-313b-42b7-9836-31890063e42f,2023-03-21,item,Electronics,52.56,1,Renee Moore,South
391cf046-3d4a-4d51-a8fa-fd04559b5975,2024-10-06,state,Home,192.8,1,Peter Boyer,South
b5d97ef7-60ef-4471-b2b8-ff39a32c9b6f,2023-05-18,word,Electronics,327.03,4,Tammy May,North
dfe1b307-9172-4f0a-ac7c-8803e01bbf50,2024-07-27,care,Books,275.79,3,Jason Chung,North
df26f517-66fa-4989-8813-5d586a1689ad,2024-01-03,put,Home,227.99,3,Timothy Ward,North
c5adf681-6b10-453a-9145-de05b3ab1b2c,2023-08-10,candidate,Toys,493.28,9,Robin Davis,West
2a69acc7-0bf9-40ef-b581-6b74a985ab61,2024-06-10,enjoy,Clothing,355.91,7,John Strong,South
b3969057-425c-4200-905a-da6b720299e3,2024-07-13,help,Electronics,119.15,4,Martha Lee,West
e28bc9ff-870f-484c-b244-f536285e25b4,2023-03-12,sort,Toys,134.21,3,Jamie Baker,West
9a9e4310-8fb8-4bab-a875-4cd37cbd7025,2024-06-08,set,Toys,341.88,6,Jessica Stone,West
09f6048f-e245-4460-8004-884cc167733f,2024-08-09,while,Electronics,15.33,7,Amanda Russo,East
d675ebf7-4fe3-4c9a-9371-0f577e9cf84f,2023-11-20,marriage,Electronics,337.54,9,Ryan Liu,East
d29dc5df-cf1d-4110-8cc3-6d8c77863fe5,2023-07-16,letter,Home,267.58,3,Kara Boyd,South
6a46721a-cffa-4cdd-b963-a7efe00111e5,2023-07-27,consumer,Books,15.99,9,Jennifer Reeves,East
f689a4a5-ffda-4336-8c6e-90373020da5c,2024-08-25,right,Clothing,397.14,5,Gabrielle Best,East
d663049d-155e-48b1-ba83-ada4a2121ac5,2023-03-20,third,Books,249.17,1,Elaine Martin,West
03c54c71-fca0-4536-a169-df82b9bdee2d,2024-05-01,health,Toys,16.9,8,Diana Lamb,East
6ae04d52-adb3-48cb-b315-8c0c66dd7794,2023-09-27,late,Electronics,18.14,3,Heather Gray,North
03a89879-36a9-4d74-80de-59f550f0fc2b,2024-01-24,time,Toys,75.11,3,David Lutz,North
faf1501b-009a-415b-8137-8be5b7a28e0a,2024-09-25,least,Toys,90.14,7,Sharon Johnson,South
9cb017c1-8741-4e91-acfe-bb4bd29e8693,2024-02-14,it,Toys,111.09,9,Samantha Morrow,West
9bbd750d-1e70-4c52-b0c1-fb6a19086515,2024-09-07,his,Books,255.93,5,Jennifer Jones,West
4d6b234f-dfa7-46ed-b2d1-f81ba636425c,2023-02-21,pattern,Home,13.69,1,Kimberly Robinson,West
2ea60b99-fa7f-48bf-b044-284a47acf2f6,2022-12-31,born,Toys,101.18,8,Victoria Moran,South
ec3aa314-da9b-4017-b9c1-47c719a5711b,2023-01-25,begin,Toys,312.25,10,Patricia Cochran,South
0597aab6-14d3-4dbc-a0ac-f4c9658de17e,2024-04-10,open,Home,159.49,8,Larry Franklin,North
ccc14d51-73f6-40d8-a9f4-1cc04653a560,2023-01-05,suddenly,Toys,431.95,6,Jessica Green,South
41a93f90-dc82-4527-9da3-b7e2cad6e514,2024-08-18,local,Books,246.08,1,Katherine Smith,East
d138d150-8557-416a-a750-2a812227d96d,2023-04-11,catch,Clothing,99.52,9,Cole Vasquez,West
1d77ce40-58d8-4776-a51a-d4f3a699bae0,2024-11-14,big,Clothing,328.59,2,Kelly Andrews,East
d9ead926-4745-4d9e-a789-6389df3277fd,2023-03-30,administration,Home,286.94,8,Anita Watson DDS,West
34ab18fd-0a68-488e-8ad4-041504c14982,2023-11-06,suggest,Toys,30.0,9,Sophia Oliver,South
50910bdc-8ef0-46d4-8279-b14dae55cdff,2023-10-20,network,Toys,276.91,3,Stephanie Conner,East
914591ae-f03d-466a-9dec-c06af24dfdd8,2024-08-24,town,Books,462.06,2,Alexandria Gutierrez,South
d8ab0b30-0ac0-4f0d-9974-c146e8ec01b3,2024-01-02,school,Toys,223.58,2,Victor Serrano,East
9b8b71a1-b38a-45fb-b611-64cebfc74ca9,2024-11-12,imagine,Books,403.6,10,Brian Elliott,North
a4e695c9-b65d-4226-be96-9cf3a7c5cb87,2023-01-15,real,Clothing,30.51,2,Nathaniel Hood,North
6f790959-a3e0-4b3b-b56b-0715e7180322,2023-08-25,media,Clothing,378.19,1,Sabrina Smith,East
2da44da1-89b5-4368-9f14-c6125f58d5b5,2024-04-28,economy,Toys,247.56,10,Jeffrey Marshall,North
4a814d53-964d-4b77-a025-f0ae35354579,2024-09-21,increase,Electronics,257.55,8,Casey Berry,South
4578bab3-26a9-4465-a371-ea2c0247145f,2023-04-13,public,Clothing,75.41,6,Maria Smith,South
5e00ea6d-ca24-4e4d-9667-2017555a4085,2023-03-01,set,Toys,457.7,8,Brandon Long,South
c787ddfb-5697-417c-97fd-3736b7ef941c,2024-06-22,big,Electronics,75.38,5,Morgan Curtis,West
4505f4f6-0a8c-46c7-8921-5f4f9edb95f2,2023-10-25,know,Books,37.79,7,Sean Foster,North
955d0e77-fb5e-4866-a640-211e29f2c3c7,2024-05-08,art,Toys,436.43,1,Carolyn James,North
fd42f697-6511-4656-9c64-60364a1eb1b7,2024-03-18,Republican,Clothing,481.34,7,Lorraine Stone,West
1d69d9fc-4b1c-48bd-a130-260c8c69778f,2024-07-29,thought,Books,125.69,5,Robin Carlson,West
ef0a81ed-3d5d-40bc-bb03-78eb7a62722e,2023-06-17,fine,Electronics,323.99,2,Jennifer Palmer,West
db66bfda-2df9-4747-8ed1-35530c5a876f,2023-01-31,plant,Toys,365.76,10,Sara Gonzalez,East
4d7bd307-1224-41e6-ba89-82dd85e69ea9,2023-06-05,conference,Home,97.14,1,Clinton Gonzalez,East
4c9a0ae1-5419-4efc-95e7-3e3f673617d9,2023-11-10,fish,Toys,89.16,6,Bryan Todd,East
8f928dc5-1972-4ce3-9bd0-94486a2b3200,2024-12-04,family,Books,411.74,4,Eric Thomas,East
564ae909-7958-4e69-bb2e-1b82e89dc815,2024-12-08,new,Clothing,237.04,7,Jennifer Brown,West
cff4c56b-f9ea-4c64-8c41-7e7cd741d609,2024-11-24,capital,Home,307.52,5,Robert Sherman,East
1db2b452-7aa5-4a18-9fd3-c01757f98d1e,2023-01-15,open,Books,94.92,1,Shannon Jimenez,South
09aedbd0-6d31-4b4a-bf6b-8793b318ad4c,2023-01-30,relate,Clothing,358.08,3,Rachel Ortiz,West
afe6790a-bc18-440b-95c7-ed9d4d4985dc,2024-04-03,resource,Home,257.83,6,Justin Ramos,North
2aa36cf7-eb70-4a65-a7d9-9a23e4f7625e,2024-08-23,green,Clothing,471.43,6,Robin Ellison,North
ce5dc807-6025-4199-9082-3edaa0722aa0,2023-10-31,a,Electronics,325.13,2,Kelly Lewis,South
16408169-a38d-4afc-bdd2-ed7af97ccc57,2023-04-06,charge,Home,167.25,10,Danny Daniel,West
32b2c492-15ac-47a1-8eca-2ee310da8a95,2024-03-04,ability,Clothing,78.2,7,Brittany Martin,North
62830869-0fa7-4e05-b897-4df5bff773ce,2024-07-14,better,Electronics,434.88,8,Brian Harvey,West
8e751eb7-64d0-4913-991b-8adf0202861c,2024-06-23,group,Home,82.14,2,Kelsey Clarke,East
eb8f2056-72d3-4c5d-8a31-b24384dd6da6,2023-08-12,some,Clothing,89.99,10,Dawn Cannon,East
b6e355f6-95bb-440d-89cd-4af97d161f29,2023-11-05,green,Toys,47.28,8,Andrew Robinson,North
156af458-6c4c-4935-b79d-eda1ade6c5e9,2023-11-04,local,Clothing,307.74,9,Louis Chan,West
ffc573d5-fd0b-470e-b85a-f4635e4af862,2024-11-16,throw,Clothing,230.57,6,Patricia Walton,East
2aa50f4e-c6f0-4933-95d1-805142cb6d1d,2024-10-02,decide,Toys,59.44,5,Cheryl Wade,South
1d7173e5-5bc7-4deb-b123-4efe6e648043,2024-02-22,eight,Home,396.26,3,Debra Watson,West
da54f267-dd13-4266-926d-53961058fe8c,2023-02-05,house,Clothing,26.03,4,Zachary Terry,South
869bdbd2-e72b-45b7-8712-0911b3b68b57,2024-07-23,upon,Electronics,101.38,2,Cory Peterson,West
33a1d1c2-ad4a-4155-809f-cd8f739cd488,2024-10-04,relationship,Electronics,473.8,9,Ronald Lopez,East
41a8a6e1-65e0-4993-bf41-1fed1e70e799,2023-12-06,owner,Clothing,177.82,8,Joseph King,West
ff3e0ba1-0ac7-48b4-a418-65bf350d278d,2024-11-06,main,Home,28.55,4,Tyrone Mckee,West
9f982188-3744-4a64-8c24-9558f2ad985f,2024-02-19,every,Books,124.37,6,Joseph Williams,South
755a3ac1-32ae-4a20-9ac9-02ee25777cf0,2023-04-16,offer,Clothing,313.99,3,Brian Ballard,South
d3b564b0-8be0-4c3e-9c94-938160c6b3ed,2024-03-04,Congress,Clothing,206.05,9,Eric Miller,West
98a33736-fd1a-47ce-9ad0-a6f226bdd974,2024-11-24,writer,Toys,432.36,7,Kathryn Henderson,East
905c053b-25fd-4cbe-bce7-1b48fba52e59,2023-04-02,listen,Clothing,496.65,4,Cassie Salinas,South
6c596216-ae0f-4bc8-a36b-cb0167e98363,2024-05-08,instead,Toys,476.77,8,Ryan Stevenson,West
ade7cef3-7ed2-4c2f-856f-3d95e0ae1a1b,2023-06-04,administration,Books,400.25,1,John Phillips,South
d5627386-528c-4241-a345-ac72eac39204,2024-03-26,board,Electronics,124.99,3,Sarah Ryan,West
a2939b3b-7fa7-4d8a-bf88-ec827f99d273,2023-05-04,above,Toys,242.19,9,Angela Owen,East
8af58903-33b5-43ce-9fec-4623ab899605,2024-09-30,both,Home,364.87,3,Derrick Murphy,South
027c013f-3801-4399-ae6a-8e2f9c19ed34,2023-03-04,girl,Clothing,446.13,7,Ashley Downs,South
bf3df0bb-f66a-4168-b4a1-ca795718ada2,2024-03-16,share,Clothing,231.34,3,Mark Hunter,South
52631db9-d170-44ce-9179-7350e6256403,2023-12-24,despite,Books,349.56,5,Ralph Morales,South
dfde2281-25fb-4f3d-866d-7002091472ad,2023-08-05,forget,Electronics,282.6,8,Dr. Eric Thomas,South
27e969e2-c8bf-43fb-9a43-1f7a41c30359,2023-07-21,off,Books,342.74,8,Michael Jones,North
4b5ca436-953c-478e-a106-7a8cd7a3283c,2023-07-09,building,Toys,374.07,6,Andrea Rodriguez,West
786e30ef-ce9b-4e70-b4d4-dfccb7d779cc,2023-06-07,more,Electronics,321.52,9,Edgar Rodriguez,North
843b2a7d-15ab-4c21-8cc9-3ff710fce97d,2023-11-03,star,Electronics,209.65,9,Theresa Estes,South
10fc9eee-0a17-47f7-aa5f-24b6de6fec4b,2024-06-08,fish,Electronics,84.05,7,Dr. Kylie Powell,West
4cea2df0-0a66-4c4e-a168-1081399f8a8f,2022-12-31,visit,Books,292.79,10,Kelly Perez,North
72d6bc20-d80d-4a1c-8247-2fd603e9ba02,2024-10-26,best,Home,143.31,1,Carla Pearson,South
ccf719ab-2922-4bd8-9ca5-b35354a1d505,2024-05-02,blue,Clothing,37.82,8,Kimberly Thomas,East
75f2bc20-a7f5-495c-9e62-d43f261908b9,2024-10-24,off,Toys,435.11,9,Jorge Reynolds,West
61d9fe39-8147-48f4-9f0e-f320f7f60e7f,2023-02-03,practice,Books,312.8,8,Kyle Beard,West
089b30a0-809f-4923-87a1-798fe6addd9e,2024-02-04,fight,Clothing,99.04,8,Catherine Barrett,East
cb4d18d6-adb6-4a35-9734-a26c92e94e89,2024-08-17,sit,Books,150.61,8,Chase Palmer,South
99a2ecb1-c202-487b-849b-8a44ce1bb02a,2024-08-20,ask,Electronics,354.6,9,Danielle Navarro,East
6d265dd8-bf39-4fbb-938c-3460fd938adc,2023-02-17,else,Electronics,86.97,5,Tracy Garcia,South
4a276dda-34c3-494a-812e-a9b8e7e13ed8,2024-11-04,will,Home,385.41,2,Kelly Wolfe,East
6af79ad2-993e-48c6-a6b1-06e289110af0,2023-01-01,think,Clothing,49.19,1,Donna Keith,South
d872298c-7b72-490b-b8f8-f071d360da69,2024-05-04,bring,Home,66.72,8,Andrew Buckley,West
9b8086da-6379-4035-b8e4-5086ca819c6f,2023-08-03,return,Books,329.9,8,Michael Robinson,South
dd620222-d9ef-428b-bbcb-50b3961d8dcf,2023-04-24,community,Home,107.54,6,Gina Sharp,South
e2a01335-a830-43ab-853e-4b42cc4da021,2024-08-16,light,Books,483.83,5,Stephanie Pratt,North
4d6cd782-2e95-43ea-bda1-7da2000fc63d,2023-04-13,company,Clothing,166.89,3,Cameron Powers,East
552ae5ca-4124-405b-91fc-fe8881c16e98,2024-10-01,company,Home,120.87,3,Michael Mcneil,East
4312ece2-dc21-41e1-be56-ac3d10cc8711,2024-08-07,make,Toys,210.65,1,Jeremy Cooper,North
c5c14262-4d84-4ec5-9334-886ff164f9d8,2024-01-23,evening,Electronics,164.17,4,David Gomez,East
6238d0a0-cf5e-4ea3-a258-4ab368777bab,2023-04-08,well,Toys,31.42,7,Ian Gould,East
ef7e85ec-a417-456f-a9ee-7f3d0ff030b8,2024-12-22,themselves,Clothing,463.72,9,Alan Hanna,East
babd4745-497e-4f1a-bd2b-f042209818d1,2023-03-23,rule,Toys,197.85,5,Elizabeth Leon,West
f11ddff7-0e37-4526-9582-a3bdd476fe38,2023-09-09,computer,Clothing,262.23,10,Scott Wilson,South
2412579d-6af9-44e0-bb38-785b0932f5b6,2022-12-29,less,Electronics,379.56,1,Charles Conley,West
9a1a7d6f-dd02-4100-a3d4-84087de8a234,2024-07-22,sea,Toys,106.51,5,Thomas Carter,South
b2ddc481-ac6d-4df8-94e5-064cb799ae8e,2024-09-22,theory,Home,104.32,9,Matthew Sanchez,North
5a4f4145-fc98-4279-8f6f-111c26c06e67,2023-09-02,own,Electronics,13.7,5,Pamela Contreras,West
775e0ec3-9c9d-43f3-8901-8aee69407be7,2024-10-05,agreement,Home,371.36,9,Mark Fuller,South
19faa06e-0c0a-4967-b579-501a62fda854,2023-04-16,option,Home,40.03,3,Joel Chen,South
052daad3-26c0-4984-8734-bb05788c31f6,2023-09-07,human,Home,159.76,3,Christopher Gaines,East
21f8c156-9e0d-445b-992a-34a1084fa819,2024-03-18,admit,Clothing,223.36,9,Sean Jackson,West
b3386c3e-1af4-487f-92eb-dac5a1457899,2024-07-30,can,Books,436.19,5,Susan Davis PhD,West
31e9ca80-58bf-4b9e-a624-5b598c94af98,2023-02-11,black,Electronics,37.38,5,Sharon Crawford,West
c707aef9-c6c3-444c-888e-03b662276cbc,2023-03-01,force,Home,492.86,1,Richard Doyle,North
0f66b32d-e19b-4837-9c6a-4b5e7d859725,2023-10-10,beautiful,Books,102.7,8,Victoria Hammond,West
9d44c93e-7799-48e2-b368-c5539c30ceaa,2023-06-03,professor,Clothing,463.09,2,Timothy Wagner PhD,South
a6855857-567e-4862-af15-1673a1df3da7,2023-07-10,special,Home,394.06,4,Carlos Lewis,South
b6af98b2-aeba-42d0-b830-32491fd3af07,2023-12-10,I,Home,35.46,3,Charles Williams,East
d960af85-c9df-4e44-8bdf-fa7d9f3dd894,2023-09-08,detail,Books,422.42,6,Leslie Barber,South
633cbf79-e96a-41af-b55e-3aa2208a393e,2024-06-06,establish,Clothing,298.15,5,Jody Cole,East
beebb4ea-eab9-421b-8b36-b545cca1a034,2024-01-05,several,Books,498.31,6,Luis Fields,North
fbbff9e0-ae56-402a-b521-ca9fdf5e6f78,2023-12-25,if,Home,66.75,10,Tonya Warner,South
dc45488d-84dd-49b9-9f1e-0ee9cf6c9992,2024-02-14,drug,Electronics,236.57,4,Leslie Spencer,South
09c67417-306a-4871-beef-71cbc915d113,2024-02-06,major,Home,343.58,5,Linda Todd,South
5f1ff97c-71cf-4814-a45b-d776c838a145,2023-02-28,quite,Electronics,193.57,5,Keith Frost,North
5b471c43-7499-428c-b0c3-2323c1b199c4,2023-02-25,phone,Electronics,314.82,5,Matthew Rojas,East
f4dd05d5-1349-447a-a1cb-a182ca20854d,2023-08-27,mother,Books,465.96,5,Laura Mccann,West
0a3c2c6f-ef2d-4a38-a6e4-b8df0b6d9611,2023-11-30,opportunity,Electronics,124.69,10,Kayla Chavez,North
06d2ed7c-e6ac-4d8a-8160-ff927c7550f2,2023-10-19,third,Electronics,211.23,1,Kevin Collins,South
91bacf80-aaa0-4996-8522-dc4ef1dd50bf,2024-08-19,hold,Home,382.88,8,Michelle Cline,West
3acaaf82-374a-4cc9-a039-7e67926146de,2023-11-03,culture,Books,104.49,2,Rhonda Randall,East
e27ac8e9-d1c3-41bc-86be-643217ee0eb0,2024-02-19,large,Books,262.93,6,Erin Chapman DDS,East
809e2109-c786-4a38-a09f-1aede38690e7,2024-01-01,push,Toys,274.85,9,Mary Giles,North
81d1bf06-6b8c-46f2-8611-f583b2d10e3d,2024-02-26,sure,Toys,470.63,3,Eric Ford,East
254bf7ae-1d0a-4994-b20b-575d4e28e674,2023-11-20,across,Clothing,233.31,9,Susan Porter,West
6c0be55c-90e6-49e1-a44f-c3a96d0c62c3,2024-01-31,perform,Clothing,100.08,8,Scott Robertson,West
1ad1daaa-ef8d-4ff0-9583-1feeec41e6f6,2023-02-20,know,Home,249.79,1,Deborah Landry,East
6a480542-1965-4435-901b-b5fa6a677623,2024-11-28,your,Home,385.68,9,Jeremy Woods,South
f45da406-bbf9-4b01-a7f9-e728c618fc1e,2023-06-13,play,Books,417.4,1,Peter Johnston,North
6e5bac20-725c-4675-8a95-71e407dc02b1,2023-04-15,east,Home,232.91,8,Lindsay Phillips,South
7f22cd12-07b6-408e-aac1-ca75afb918c8,2024-05-08,federal,Home,22.6,1,Brandon Cruz,North
53125ffd-f655-460b-9d32-e231eb561699,2023-10-31,hand,Home,43.92,1,Gregory Weber,South
5a3da367-141b-4a1b-80a9-78bfb8f8903b,2024-09-28,must,Clothing,53.56,8,Nicole Walker,East
b1182d23-5bf8-4676-9f12-a0e912011caa,2024-11-03,former,Toys,274.37,4,Walter Owens,East
2d8b5b41-590e-43da-986f-1721078548d7,2024-01-26,material,Toys,35.09,6,Bradley Mcdaniel,North
3b019fcb-f96d-4403-948c-93f3028d042b,2023-08-25,production,Books,456.26,7,Anthony King,East
98ba0f0e-120d-4126-9da5-3b38d1aa6c5e,2023-04-19,tonight,Toys,165.18,9,Evelyn Brown,East
00d3d1af-353e-4c86-a4ae-ba79e4b82987,2024-11-06,source,Home,106.35,6,Carrie Mitchell,West
bb6b0095-ac7b-4ab2-a8b5-6f85346d2b7e,2023-02-17,sing,Home,184.47,9,Joshua Turner,North
bf7b68ae-1f89-41b6-a6a1-a40bf031f4b9,2023-04-15,manage,Home,298.75,2,Norma Sims,West
b080e003-5e7f-403c-8b13-47f601d6d903,2023-04-25,up,Toys,145.23,6,Robert Calderon,East
3b9cea95-9ad7-458f-aecb-325b064f768d,2023-01-20,size,Toys,88.75,4,Sandra Thompson,East
743c7e9d-2fde-4035-a452-bc39dbf2eed1,2023-10-19,serious,Electronics,266.48,5,Elizabeth Baker,East
b51d70d8-582d-4972-ba08-9ca81cc5a8a0,2024-05-08,well,Electronics,42.35,3,Christopher Bailey,South
0726d44a-2152-43c7-821a-a15ef58c43ce,2024-03-08,environment,Clothing,417.27,3,Shane Williams,North
55c36c3d-5cbb-4080-b547-5c5ef76dce6e,2023-03-25,guy,Toys,140.98,7,James Hancock,West
4bdd5f99-4ae9-4e11-b5fe-0213792ecd75,2024-05-23,explain,Clothing,435.74,9,Erika Gregory,West
8d9ecfb9-f549-4e22-a0df-7f74efe78b60,2023-02-15,stand,Toys,227.87,1,David Horton,North
97d01e70-2f1d-4bef-93b5-3b92a2cb5f38,2024-02-05,common,Home,228.9,8,Michael Rojas,West
88819f42-1a42-4629-94af-e646fe3216bd,2023-07-20,cultural,Books,388.57,9,Deborah Taylor,East
606821d6-280a-47ee-8ec9-85ff94b28b9d,2024-03-08,until,Clothing,414.53,2,Jay Guerrero,South
200f7753-f217-4aac-a59c-ff81e5ce0ca6,2023-08-17,doctor,Electronics,248.09,10,Dominique Jones,South
82221345-50de-4292-b90a-9016cdec85da,2023-09-24,we,Books,318.47,9,Mr. George Williams,East
2f16fb50-c13e-46af-bc95-90d33e2aad3e,2024-12-22,maintain,Electronics,447.49,8,Jessica Zimmerman,West
a9c72e7b-6b77-4df1-9f59-aa2c4a82e06a,2024-05-24,game,Clothing,110.3,5,Janet Williams,East
99e8c828-21da-432c-9c68-d4fd0bd7696f,2024-10-30,question,Home,171.04,9,Christina Stevenson,East
b3c161c3-13f2-437c-a4d0-27590542bd75,2024-07-11,agency,Home,78.05,1,Amanda Quinn,South
4ca49aaf-6b94-4e09-a1cc-14b312bdf75f,2023-12-30,hotel,Toys,163.24,3,Brittany Baldwin,West
ed28508d-bdaa-4bfa-aab0-15638cffbbb1,2023-11-02,matter,Electronics,495.53,5,Kimberly Hamilton,West
4c4b91fe-6c14-4fc6-9750-ca7e246cb09c,2024-03-28,pretty,Clothing,408.87,1,Christopher Ward,North
3f80c31f-15a5-412c-9ac4-b6c7a31034dd,2024-09-17,story,Clothing,28.3,7,Sarah Fitzgerald,West
a3155940-5e87-405a-a1fd-cdf171df24d9,2023-08-29,year,Home,295.9,4,Crystal Smith,North
605dd4d6-0ecf-495b-877a-2133f2ed33e1,2024-07-24,scientist,Toys,387.89,5,Pamela Arroyo,West
f642c8f3-6acf-49eb-8228-4fd9689bba65,2024-05-28,few,Home,289.37,5,William Rivera,East
70f8dd99-5217-4eb7-a6b9-20daba6a098f,2024-11-26,Republican,Books,216.99,10,Alicia Bauer,East
f3cc9d8a-4b16-48e4-9f20-f4063438b4e4,2024-04-21,end,Electronics,140.08,8,Theresa Moore,North
2f7a304f-f344-4911-974f-7a54788c161e,2023-12-22,against,Toys,128.7,6,Joshua Russell,East
1cb66f67-46e7-45ad-9bce-35d8cbe88a3f,2024-01-27,blue,Toys,329.35,8,Dwayne Osborne,West
27649a62-b02d-452c-9b05-0db28ee4fd02,2023-09-19,machine,Toys,72.83,2,Cynthia Calhoun,West
eda2fc4c-7237-4420-b3dd-77e1cbb02fe9,2023-06-23,shoulder,Books,150.05,8,Randy Peterson,West
6bf4d047-c484-4a8d-af75-1bde66163e5b,2024-08-19,nation,Books,488.41,9,Miss Jacqueline Brown,North
f5a3e893-3f7a-4748-acbb-93c26e84f8ea,2024-01-19,tell,Electronics,465.02,4,Travis Andrews,West
85fa2d5c-efe6-471b-9723-a95974151acc,2023-01-23,wear,Toys,300.71,1,Christy Warren,South
a1ab17c0-7662-49cc-9af9-5c78247f4d97,2024-07-10,court,Electronics,343.85,8,Teresa Wagner,East
c149fa8e-7bb8-42f1-9624-d318a32652e8,2023-10-19,decade,Electronics,77.43,2,Emma Aguilar,West
d4864482-0078-4b12-8b73-50d13421beaf,2024-08-23,team,Clothing,237.07,2,Anne Martin,West
764657ca-9e65-436c-b2f7-74b1b2f11ef9,2023-10-05,improve,Clothing,473.75,2,Dennis Lopez,East
1d4d1180-4c6e-4fbb-b7fe-f6b501fda698,2023-09-16,scene,Books,447.95,4,Brent Hernandez,East
4d18c103-a100-4d14-ba92-cd28c4c536fb,2024-08-31,play,Books,316.53,6,Cassie West,West
6c98f73d-27fe-4b4b-9bf1-f1d18b92c247,2024-01-26,glass,Electronics,236.61,6,Robert Adams,West
17b18e6e-78af-458e-8058-a332b4cfafa8,2022-12-30,ok,Electronics,337.67,5,Sabrina Gutierrez,North
f5feba5e-c295-4f51-bf67-ee1aad9d1f42,2023-07-07,cell,Electronics,103.01,6,Christopher Stevens,North
67c21355-c312-4af6-8b32-992a3b7c1f9a,2024-03-15,alone,Home,413.14,4,Mary Willis,West
0588d91d-fbe8-4a8e-a1cf-0d1d47b3df41,2023-02-22,million,Home,262.11,3,Aaron Taylor,East
ab2212c9-e23b-480e-8523-dbbb1eeed219,2023-12-29,job,Clothing,144.08,5,Wayne Bradley,North
65ff6adc-41ae-43f7-8010-98240a614be3,2023-03-21,wait,Electronics,29.06,1,Sarah Ferrell,South
b5c03f6f-94e4-4c44-a3fb-dbda86ae9d5c,2023-10-06,manage,Electronics,305.21,1,Michael Jordan,North
bf1df687-1a1e-4042-b1d0-4b0f656fa7e6,2023-11-28,structure,Toys,348.42,3,Lisa Powell,North
df0d6301-488c-4c4e-9a94-14b840aaec7a,2024-08-11,understand,Clothing,355.46,2,Sarah Snyder,East
322f1499-e8a5-4f31-ac2c-10d0c15648ff,2024-04-18,let,Electronics,439.53,3,Jamie Sullivan,West
120961ea-0913-4087-95d3-8ca9986cc8d5,2023-07-02,hold,Toys,360.07,1,Christopher Greer,North
889c8ae2-4e3c-4f2d-8332-559dcad00273,2024-02-21,actually,Toys,36.82,5,Marcus Moore,North
dc0520a4-87ba-4b90-9e41-5c4e57030ede,2023-01-12,decade,Books,19.55,2,Crystal Martinez,West
c31277fd-eb83-4f16-a404-d8083fc18c00,2024-01-31,our,Home,235.06,1,Tanner Kramer,East
dc66a27b-6a32-4333-916e-8a6429deb984,2024-01-23,Democrat,Toys,419.13,2,Sean Romero,North
22696227-8513-491e-8862-2a674a294067,2023-03-21,author,Electronics,139.83,4,Keith Johnson,North
35d4cd35-a08c-4a00-85e7-425092f078b8,2023-01-25,military,Electronics,243.49,9,Denise Brooks,West
f4a5cc36-692a-4bce-9af5-5c2688083ebc,2024-03-11,catch,Home,398.67,9,Lisa Chung,East
bdce29ef-6746-40eb-8b27-9c29a274c0d7,2023-09-29,receive,Books,446.87,10,Aaron Christian,West
47534952-c9c5-4ef1-a76f-8a76c74f11cd,2023-01-24,begin,Electronics,231.35,7,Brandi King,East
9177b6d4-5f2e-4167-b13e-ceb14ad12b4c,2023-10-05,serve,Toys,10.91,4,Laura Spencer,South
1f9078d5-2835-4cdb-a347-b24fa0f9c074,2023-05-13,natural,Electronics,491.43,3,Stephanie Price,South
66b62087-61a5-4fdd-9eda-4209b270af55,2023-09-15,rule,Toys,232.24,2,Sheila Friedman,East
8f42cebe-23b8-40f3-b7cb-1a27974fdedc,2023-07-22,remain,Books,399.26,4,Dr. Rodney Harrison,South
a1d20ebc-5aa3-492a-8c88-b9d8ab12fb53,2024-01-06,yeah,Toys,189.43,10,Brandy Garner,South
37cf8025-6a44-4a90-be0a-5a5679009c61,2024-01-04,once,Clothing,296.05,6,Ronald Cooper,North
8066b49b-b1d7-42a0-bd25-cefb7a0a02ba,2024-08-03,interview,Books,23.12,9,Donna Jimenez,East
f55b2e5c-a6ed-4ac0-be22-e1b751783032,2024-12-04,positive,Home,219.21,7,Zachary Allen,North
248f4a25-4cd8-4f24-b1a8-c9c60f6ab75b,2024-11-09,family,Clothing,490.23,7,Rhonda Arroyo,North
e32866d3-0d6a-48b0-beda-9ab9bec60ffe,2023-11-15,despite,Electronics,353.1,1,Kathleen David,North
5afb9565-068a-4c38-b739-076a9f032cdc,2022-12-26,bar,Electronics,82.56,4,Terry Harmon,North
fe2d9d1d-e377-4008-a416-59c078b61daf,2024-09-15,later,Books,465.15,2,Eduardo Shields,North
fa999f9b-86de-4365-98a2-30de02969326,2024-05-11,agency,Electronics,306.04,5,Devin Hernandez,East
14d4dad6-ddfa-4808-afd8-643211035083,2024-08-13,off,Home,179.13,2,Carlos Reed,South
ecb3d561-bdf0-4015-b305-ee95afb120f4,2023-06-26,me,Electronics,256.74,10,Leslie Moore,North
5c7cbc62-01a4-47a1-a526-4961ab4414ae,2024-05-16,series,Home,74.52,7,Zachary King,South
00f520f4-9ef1-4846-9dbc-24fd0a8aa1e4,2024-05-16,six,Books,15.14,5,Cody Ramirez,North
a3ef802e-df86-43ce-8534-32cdffeb5d5f,2023-12-30,guess,Home,276.77,6,Jacqueline Gutierrez,East
e695f8ba-ba23-48fe-8ae3-02f3b31e9be8,2024-07-23,single,Home,311.28,1,Kyle Warren,West
92a651d7-c069-4542-a403-97213a082921,2024-07-10,who,Books,89.58,2,Brian Peters,North
6f1bdd07-1aff-41ae-b0f2-c48549b564fb,2024-11-13,able,Toys,164.45,7,Amy Peterson,North
62565a95-5487-45c3-b762-6f4975fd3537,2023-09-18,decade,Toys,471.93,8,John Stewart,East
a5e3a719-6bf5-4dfd-94a8-762b2b12c92c,2024-06-07,practice,Home,208.23,8,Rebecca Wilson,East
25e4979d-6f6d-4f79-affe-2554e5aef699,2024-09-08,find,Books,102.7,2,Michael Watkins,North
25c29b6a-b575-4c6e-aee8-4bcb7281b8a9,2024-10-13,theory,Electronics,475.13,1,Sheila Gardner,North
35783f66-2114-42d6-90ea-1324862f78e1,2024-09-26,south,Electronics,117.61,1,Renee Hernandez,East
596305b3-71b2-41e4-afd3-b9f2e90f79f8,2024-08-25,trial,Books,150.16,2,James Diaz,East
6d62e40c-638d-421a-bbc5-9e92ca1209ad,2024-07-10,very,Books,48.85,2,Robert Black,West
bad3116b-63b8-4897-bdf0-fe6bce8d75f2,2023-04-28,speech,Home,435.78,4,Sandra Morton,North
707421d4-3239-404b-8bab-5b51385c5fdc,2024-12-10,suffer,Toys,99.7,4,Tony Reeves,East
b5c25d42-9626-48c4-b44a-f454f0a61c5e,2023-01-27,kid,Toys,24.16,4,Juan Clark,South
0884fd16-636a-4f8c-a7e3-f52c0cbf404d,2024-08-07,list,Books,249.34,3,Jennifer Williams,West
defa7864-15ac-45c3-a217-cf253be95767,2024-07-20,score,Home,292.01,3,Tamara Walsh,East
be3feafd-0e96-4d9b-9d15-8e442fcf3b87,2024-01-02,my,Electronics,299.07,4,Jason Neal,West
3baa17f9-2c62-4ac3-ad70-27cfa358cb1d,2024-02-06,science,Toys,365.14,4,Daniel Davis,West
162d5c72-9ccd-4e1f-8c2a-bdaa9c5c11eb,2024-05-19,federal,Toys,175.41,4,Nicole Taylor,East
c061c99b-831a-452a-9e6c-8762b475e15e,2024-12-14,attack,Home,250.12,9,Matthew Beltran,East
e2091f49-e0a1-4d2b-857c-799848d002be,2023-05-02,American,Books,292.14,3,Ryan Graham,North
0dcf035b-7552-46e8-a953-a1155a62ddc4,2024-10-02,before,Books,361.77,8,Alexandra Boyd,East
aa66b464-8420-48d9-b261-d0d2a1c2d9bf,2023-10-20,half,Books,375.15,6,Richard Woodward,South
8c141838-f468-40a2-a604-e5aff4db1c1e,2024-06-17,hundred,Home,430.93,6,Paul Cox,South
6e3c18c9-ef1f-40a3-bc02-ba67ee04bdde,2023-08-05,question,Home,444.88,5,Sharon Bright,East
413770e2-7d7d-41f5-b460-d20d94b9cdb5,2024-06-09,itself,Toys,177.24,4,Kathleen Lewis,East
56525ce0-3725-4d0c-b9c4-5c38b440ffe0,2024-11-06,I,Toys,106.17,2,Taylor Rodriguez,North
0d742256-0b36-43cd-8acf-eba4441030ae,2024-03-19,station,Home,237.77,2,Brian Johnson,West
4a30f7cd-00fd-4c23-998c-a3b429b10823,2024-01-04,quite,Books,221.09,5,Brian Campbell,West
104dff66-23f1-467e-81d3-4690a795ac54,2023-06-08,safe,Home,140.48,4,Cynthia French PhD,West
38dfe76b-ae35-4290-ad80-ab08c963d148,2024-12-03,sort,Home,442.75,2,James Hernandez,West
8ec9ea98-6581-4934-9bcf-b1c4f87e3560,2023-01-15,push,Books,183.79,7,Carlos Taylor,North
315e8080-7425-44e9-b891-aef5ebe0572c,2024-06-26,spend,Electronics,187.07,10,Amy Woods,South
9b3a0c89-1a32-4148-9bba-c83856e9b78d,2023-12-12,each,Toys,190.38,4,Jessica Wright,West
51abf5e5-cb77-4e24-95eb-3a3de2014a45,2024-04-21,fear,Books,64.44,7,Anne Thompson,East
e4bacd78-74ab-49fc-8930-d17952ab793f,2024-04-03,memory,Home,59.77,4,Jerry Harris,East
85a1282a-0761-485b-8168-705a533c9a31,2024-09-26,institution,Home,399.03,2,Deborah Mendoza,North
14827a89-5e63-44c6-b0ac-79dd0b5aafef,2024-05-29,once,Home,249.66,10,Maureen Morrison,East
5882e3bb-8646-46c1-9eb4-e6c435a7c6ed,2023-05-08,a,Home,366.95,5,Jennifer Jordan,West
4053b188-339d-48f5-9658-b1b33012ae1c,2024-04-13,product,Toys,100.87,2,Carlos Carlson,North
4d236555-bc50-44ac-baa1-72acac33f644,2023-12-03,learn,Home,342.56,8,Robert Franklin MD,South
6279d944-dc28-47c6-8453-98134fee7144,2023-08-26,prove,Clothing,366.96,3,Destiny Torres,West
df39ccaa-580c-49fc-bb69-e69041300879,2024-03-18,fight,Home,83.74,2,Veronica Lewis,West
4e49df56-0b64-4acd-bd6e-2667b6651d6e,2023-09-05,report,Books,375.51,4,Kerry Johnson,South
025b7c5f-1284-49d7-8d4e-2753ef26a5b7,2023-11-23,memory,Electronics,423.71,8,Jessica Simon,East
702dc88a-b97f-43bb-becc-040c75ff93f0,2024-03-10,class,Home,286.08,1,Robert Kelley,West
6980b561-cf1a-4cc1-aaca-38110c26e5d9,2024-08-13,inside,Home,362.48,2,Anthony Russell,South
70aaf525-75e4-47dd-be5b-637dfa98c115,2024-10-27,represent,Home,403.53,5,Jody Schneider,North
3dbba3af-14db-4d22-95ea-e9d21e3d59d0,2024-10-26,thank,Electronics,54.93,5,Janet Fisher,West
275f275c-c3f3-474d-9386-1b58194665d3,2024-04-26,lawyer,Home,312.87,5,Amanda Morgan,West
36a5be06-eb52-4e01-a25e-651269fcbef0,2023-04-15,whose,Toys,138.99,4,Matthew Craig,South
d16903f2-13bf-49fe-9cdd-9f6c70cdc4a8,2024-01-26,indicate,Clothing,195.14,2,Lisa Reese,North
e2f88051-c13c-4688-8f1b-5be16d4ba69c,2023-11-23,send,Clothing,303.96,7,Mark Mccoy,South
f57b8a92-0a12-43b3-a4fc-0dbad44f85e7,2023-10-25,wide,Home,263.56,3,Nicole Johnson,East
38553ac8-7d71-4591-bfee-2fc72e2dffdf,2023-06-27,wall,Toys,207.66,4,Jennifer Ramirez,East
476c4878-deff-4d7a-9728-525620ca35ab,2023-10-07,speak,Clothing,326.08,5,Bryan Moore,West
fea2a33a-51d1-4bcd-9a23-754bef38d426,2023-10-16,they,Home,290.54,9,John Jacobs,North
e64ddd91-8e9b-485e-9b77-0deb6f51ea78,2023-08-11,peace,Books,280.36,5,Damon Boyd,West
c9fe6036-8a83-4fc8-9c2e-55624916e844,2023-06-29,seven,Home,451.36,4,Benjamin Perez MD,East
c707e77b-4bf0-4e53-b608-8c973380dcfc,2023-06-07,plant,Toys,18.26,9,Judy Sanchez,West
764ab510-9acb-4588-8397-d4127118bb71,2023-07-11,five,Electronics,485.59,9,Yvette Moore,North
45c596d4-42d0-4ba3-a265-2c9e89421c6d,2023-06-30,manager,Clothing,453.91,10,Katherine Scott,South
9d683a9e-1e65-4ac1-843d-2c473b56735e,2024-02-14,officer,Toys,341.3,7,Kirsten Tran,West
2c2df3c2-1951-4f87-b63f-83c6c89309e9,2024-03-25,hope,Home,495.39,9,Jeanette Graves,East
37d316a4-3faf-4217-aa27-241fbb9e5a02,2024-10-27,fly,Toys,306.27,3,Rhonda Williams,North
ff4533fe-bc6f-46ac-a139-d15d48d8b9ef,2024-12-14,kid,Toys,103.77,4,Kevin Wade,North
89181ba3-bdee-4231-81a6-009ea8dce886,2024-11-11,television,Home,463.99,1,Regina Rivera,South
0cbdc014-dbed-442e-ada3-13e783e9973b,2023-10-09,white,Home,39.27,8,Kim Kirby,West
45c190a8-a52b-40ce-a27b-585f1f2de275,2023-12-13,pay,Clothing,406.51,10,Joseph Young,South
908e0372-bcbe-4a42-b89d-3fda1e454241,2023-06-27,race,Clothing,297.64,7,Tonya Torres,West
b76fc5b2-acc5-42df-bac4-9efa5be12d09,2024-04-03,sport,Home,415.01,8,Jessica Carter,East
483c1a4e-a91d-42cd-8bf0-6f64b4178592,2023-09-13,conference,Electronics,488.49,9,Patrick Riggs,North
e6cd3595-d4f0-465d-bd68-17b638b80611,2024-04-22,half,Toys,237.37,4,Sarah Turner,East
4eb98768-84a5-41c3-9095-e4973d798f0b,2024-04-29,always,Books,74.49,5,David Hahn,South
5f89d54d-3bcd-4aec-93ca-8c05acb5959f,2023-04-17,language,Home,487.64,6,Daniel Leon,West
9501e917-496d-427b-baf2-f402a0e624f1,2023-09-01,leg,Home,414.33,10,Danielle Mills,North
03f7ba05-cf4b-4315-a325-4d812bdfb727,2023-07-02,let,Toys,362.88,6,Scott Richards,South
5df2e073-53f0-4099-813d-d49a8d99743c,2023-04-15,force,Books,58.5,4,Michael Mercer,South
cfdef303-0679-4b47-a283-453695decd6e,2024-10-10,attorney,Home,245.58,6,Rhonda Cain,South
27be0381-6544-497d-a078-9f97213c121c,2024-08-06,rest,Toys,194.2,9,James Gonzalez,West
fdc12930-82ae-452f-ad40-76bcf9cb2ee8,2023-07-12,dream,Home,36.42,4,Rachel Perry,North
34dd7624-c3d9-43b0-a2b5-6be11392a255,2024-02-25,glass,Electronics,404.08,3,Jeffery Griffith,East
7f2a2e65-c659-4f7f-aa45-5fc7c80cb483,2023-05-08,during,Books,346.47,4,Tim Stanley,East
f8247e70-b219-4ff3-846a-c0d691ca9f9e,2024-02-14,however,Home,292.58,6,Alexis Miller,East
21d32e24-bb89-4746-bc3d-a91136a52df9,2024-06-24,agent,Home,45.1,1,Luis Hansen,West
62759469-c28d-4ad5-bbd3-147dd0f0c75d,2024-06-28,probably,Home,11.67,6,Scott Cook,South
21ee302e-974d-4d49-9bc6-98825a7c831a,2024-04-01,ground,Books,58.16,3,Edgar Potter,East
eaf94919-e69b-4971-bf9b-76efa1057256,2023-03-24,clearly,Toys,494.4,4,Mr. Derrick Oliver,East
06a8e22f-d57c-4f0d-9db3-466d1ba6cc61,2024-11-18,cover,Books,125.26,8,Adam Love,West
7d3c279b-5bce-428b-989b-b03086c47b06,2024-12-10,term,Books,154.88,6,Eric Fox,West
f568c9c6-033c-4469-8f06-ea1874a26444,2023-12-07,vote,Books,209.89,10,Robert Waller,East
29bccee9-a71b-40ef-8e36-b82f3856be31,2024-01-01,modern,Toys,82.01,9,Amanda Valdez,East
cf2a2198-7ea4-46f5-a10b-4aada92d6b05,2023-06-02,understand,Books,446.88,10,James Davis,East
8bc88bcf-7b1d-4049-bcc4-616df40d2a37,2024-06-14,authority,Clothing,213.63,7,Allison Gregory,North
142a6c95-d908-4a42-b448-0761505e9c9b,2023-05-14,stand,Toys,275.89,1,Jordan Green,West
66dfeb1e-9ab3-4c27-a32f-8c5b425832c0,2024-04-04,bit,Electronics,380.69,4,Jeffrey Cole,South
5100f186-d25a-4049-b0e9-be17b4134208,2023-09-29,cost,Electronics,195.42,7,Ruben Mccoy PhD,South
f19b43da-6253-4fe3-8aae-b212c90ded29,2024-04-08,yes,Toys,454.95,9,Kelly Fuller,West
50ae2652-09cd-4bdf-b56a-f7370f2670d2,2023-07-06,PM,Electronics,202.36,1,Morgan Hansen,West
3fe65f90-f631-481e-bf40-1e04b9f94ec6,2024-06-28,almost,Toys,160.78,10,Donald Mclaughlin,West
ab1e6794-70f2-497a-9ceb-201357d9af8d,2024-09-08,drop,Electronics,214.58,6,Tyler Fritz,North
39d5b552-a867-40f0-a8e6-a772b9cde60c,2023-03-03,range,Books,210.58,4,Stacy Bernard,West
298e9a79-abec-4c0b-981b-a30742965873,2024-02-18,country,Books,139.93,9,Sara Lopez,North
92d6ff73-5b3a-4595-8458-92c14e0e15d3,2024-01-14,action,Toys,89.67,4,Alexander Gomez,North
a1645f58-bb78-4b2d-8ee5-144d8a1d8b42,2024-11-26,ready,Home,51.13,3,Christopher Marquez,West
7db931ce-05a0-4421-9a79-b46a26b61b06,2023-06-06,nature,Books,300.07,3,Christopher Brady,South
3dd0c866-0649-4ef5-8fb2-de1ea0b976c2,2023-08-10,which,Clothing,268.06,3,Tammy Camacho,East
f20e8bda-39cc-4d88-832f-594d0b82b61c,2023-10-23,why,Books,243.48,4,Larry Patel,South
d22a3a62-1109-4978-93a0-81a6a7647989,2023-07-25,respond,Toys,157.74,1,David Armstrong,West
a9fa4ea6-f8db-4a4d-984d-3c020ff9d318,2024-01-26,leave,Electronics,142.45,2,Nicole Burnett,West
ec071cf1-e476-48ec-a2c7-1d046c32faff,2023-05-30,Republican,Home,96.54,1,Troy Carr,South
245db6ca-6f6a-4196-b2ef-7dce376e22a6,2023-09-25,lawyer,Toys,451.36,1,Gary Brooks,East
a629d332-2d4b-45a4-8fdc-13515ba830dc,2024-10-10,country,Toys,38.65,2,Mason Herrera,West
c90853fd-fc9e-4692-ba62-6aee542d19c0,2023-11-05,figure,Electronics,467.11,2,Anne Hernandez,East
027752fe-61f6-4c6e-a89c-0559bf4fa4a3,2023-08-26,industry,Home,346.03,2,Daniel King,North
88a0edce-4384-460c-a413-961f68c6dd5e,2024-07-14,less,Books,445.18,10,Hector Romero,East
fb0a6a90-bc52-434e-8dfa-4cc88805ae31,2023-01-10,foreign,Electronics,331.42,3,Kelly Vance,South
c2537638-7670-4835-b476-998dafc8128a,2023-01-27,night,Books,142.72,4,Matthew Stanley,North
1f626a97-ebe7-4f91-9092-0b690abc847e,2023-05-23,always,Clothing,367.41,10,Laura Page,South
2bdb5720-63ea-407f-b436-498e68afe2b8,2023-05-27,collection,Toys,125.78,5,Benjamin Garcia,East
9f312acb-2362-4bc1-8024-532000cbd313,2024-04-07,measure,Home,55.63,2,Mark Reyes,South
d70da545-8391-47a6-a977-4b71de6d2d7e,2024-09-30,coach,Toys,304.36,5,Sean Rubio,North
1463c5f8-25ee-44ab-b319-1702bb80d98d,2023-05-01,war,Home,355.3,1,Donald Thomas,West
d4088ff7-d713-4061-bcc4-f772547e3918,2024-10-12,war,Home,250.85,6,Lacey Payne,North
f22a4fc6-3f2d-48a8-ad20-481ad216ad53,2024-03-01,both,Clothing,226.21,10,Robert Lopez,West
e575ae93-ce74-4e8a-b4e1-680b05a02c72,2023-12-15,recent,Clothing,293.86,6,Meagan Boyle,South
d69db137-c9a5-4cd1-be28-e8c52b395c4e,2023-02-25,but,Home,318.76,10,Jill Cummings,East
b7c144fb-2b16-4d04-8fb8-7c76af044a8d,2023-07-07,material,Electronics,463.76,7,Breanna Fernandez,East
dd5aacc7-ed7a-4edf-ad5b-7d501417d4f9,2024-01-18,teacher,Clothing,131.05,9,Tammy Peters,East
a0e77486-9ed9-4124-9a89-5c62990e8f01,2023-08-05,significant,Books,490.19,1,Jose Neal,South
9d6c84af-266b-4d37-b5c9-9b49751f7e54,2024-06-11,fear,Electronics,179.76,1,Carlos Lee,North
571aa4f6-40a2-4015-8a40-a3799a1ab357,2024-01-06,similar,Electronics,323.41,6,Daniel Phillips,West
606375b8-bb93-4826-bcee-9d29ce4f1ca0,2023-11-16,success,Home,74.93,6,Jeffrey Vazquez,South
e3b4df81-eeb3-462c-a032-149d06fafb60,2024-09-17,focus,Books,261.13,3,Christopher Garcia,East
5bbdd1f4-16f1-4aad-bf10-7645094c0230,2023-08-26,five,Home,487.84,6,Shannon Adams,North
754724dd-269b-4c3b-abf0-f4bd4af0a6fe,2024-10-14,include,Books,258.71,8,Hector Moore,North
298b7e5d-5b16-44ad-81e7-74de3c740119,2024-05-31,alone,Clothing,114.88,9,Daniel Williams,North
566ff3ec-679b-49e8-80c3-2da9bc49b58e,2024-07-23,peace,Books,480.79,7,Peter Ramirez,West
f1c58f44-7e08-4c1b-8da6-a326451437d6,2024-12-20,ten,Clothing,92.63,10,Kathy Avila DDS,East
87c47eb8-4f8e-4e01-83c8-e1046480fdc0,2024-06-20,example,Clothing,233.72,1,Rachael Mueller,West
780afabf-8cea-409b-89c9-4aa5e689e5e8,2024-11-02,glass,Home,395.55,7,Christopher Lopez,North
88239867-c5dd-467b-88f1-100bfa3222c4,2024-06-18,soon,Books,314.98,2,Blake Hall,West
ef208346-432f-4308-8d56-206d920c3de9,2023-10-20,main,Books,471.49,7,Mark Johnson,North
6522ff46-74b7-461c-89ce-15a8afd4fc7b,2023-02-05,author,Toys,224.73,6,Michelle Snow,South
58ba0bf3-675e-4c52-9eb9-5739b8acdd81,2024-10-25,as,Books,390.43,2,Latoya Evans,North
45e695b1-054b-4816-8d18-533e7efa2faf,2024-12-04,southern,Clothing,149.98,3,Louis Lang,West
4100e665-08c6-46a9-bee4-e6bcbd6deb92,2023-03-24,rather,Toys,414.66,4,Maxwell Cox,East
b3e4bd3a-94fe-41a0-ae2e-45a4ae4404d7,2024-11-17,seek,Electronics,14.73,3,Amanda Garcia,East
feb46b24-4a2e-4d41-addb-0263c6a2894d,2023-02-08,them,Toys,236.69,9,Shannon Collins,West
c33993f2-3504-4f77-8317-c3d4afa4f554,2023-09-10,finally,Clothing,397.4,7,Patricia Jones,West
62d59938-571c-4d78-8429-aeae877e5ea1,2023-04-28,discussion,Clothing,90.52,1,Jessica Gonzalez,East
402988fd-f8cc-4f3b-959b-148ffa7bff5f,2024-08-08,wonder,Clothing,142.28,4,Roberto Rhodes,East
fb52451d-90e7-41a1-9db1-dfdc357f0a64,2023-07-19,worker,Clothing,66.69,10,John Martin,South
f16f1487-f7f2-4e5c-8e07-55e354565b12,2024-04-15,look,Toys,147.87,7,Kelly Jones MD,West
ac825818-960d-4788-be1e-165decadbb86,2024-07-06,property,Home,15.57,4,Erica Oconnor,South
e02a35e9-ae6b-4c8e-8864-4581b8577478,2024-03-03,for,Toys,116.56,4,Randall Salazar,North
de386aeb-ea96-4be6-a99c-f16b5a7583c0,2023-11-30,official,Books,142.38,8,Corey Burns,North
d8a1a546-54a6-487c-a72e-aa36e642965c,2023-08-21,within,Books,114.01,3,Amber Wright,West
95be263b-0253-4c8c-91f0-c570bf5545ce,2024-02-23,describe,Electronics,100.94,7,Edward Barnett,East
27fa8b8a-909b-471c-8d1f-0a7fd0fce922,2024-11-22,huge,Home,149.01,7,Leslie Douglas,North
4a8b77da-5cfa-48b1-9836-78eef3ca5f64,2023-11-12,under,Books,361.79,10,John Griffith DDS,South
7eaf1679-52b0-4994-8b1d-d9fda02ebb76,2024-10-17,author,Clothing,406.95,10,John Jones,West
6e566274-99c7-4bea-a756-264dc8649f78,2024-12-05,language,Electronics,100.42,8,Paul Zavala,North
c9d0a7f4-0042-4fc6-ab87-71dffccae6b8,2024-01-03,amount,Books,355.48,10,Jeremy Thomas,East
711fa10a-0b29-45c6-918f-f3582408c3c2,2023-10-12,and,Toys,220.66,6,Stacy Brown,East
0262a5aa-edec-41ef-9762-762620379089,2023-06-14,study,Electronics,59.02,3,Christine Taylor,South
e8ef99e9-7afc-40cd-b8bc-6621f2d7fe55,2024-06-02,wish,Home,163.75,6,Donna Miller,North
a9afa87a-d181-49bf-aa09-9a46f25a3c68,2023-03-04,benefit,Electronics,270.63,3,Shelia Silva,East
9cb9f9aa-bf4d-4eaa-81f2-005bc7537df5,2024-07-11,home,Toys,93.95,10,Melissa Medina,South
efa2ce12-8c83-4848-91fb-a56e300a2187,2023-02-25,account,Electronics,57.23,3,Justin Ramirez,West
d48457df-f325-4f2d-8759-5b016c835975,2024-08-29,financial,Electronics,306.47,10,Martin Lester,South
10339310-2b7b-4e99-878f-40ed2c805ac7,2024-04-25,for,Toys,132.38,9,Jeffrey Miles,West
94665d45-284b-4bcd-a3af-11d0a8ab29f1,2023-03-05,article,Toys,481.9,1,David Townsend,North
a1d33772-8101-4c5b-b110-397a1c2c7a34,2024-01-22,ability,Toys,381.7,10,Amber Bennett,North
627b9de7-9ae4-45e0-8b1d-c2f8cbf1f93c,2023-01-07,alone,Clothing,384.66,8,Autumn Shepard,North
4fb7c3bb-4408-404c-af44-6806c1378e75,2024-10-18,probably,Toys,166.84,9,Larry Jones,South
c74dd25c-6dbf-459c-837d-975248f3531c,2024-05-20,animal,Electronics,332.03,10,Charles Gill,North
47caf779-b7c9-4da8-91db-32f8fda834ea,2024-03-21,clearly,Books,167.21,3,Stephanie Robinson,North
86fadb0e-89b1-40d4-8218-ca25f23db306,2024-01-27,two,Books,233.88,7,Susan Barrett,East
579e9a46-fd76-4f63-9163-de1d8df7a267,2023-09-08,phone,Electronics,108.15,10,Jerry Rivera,East
6e83a7b2-c857-48c3-b4a0-697630a31251,2024-07-16,trip,Books,404.21,5,Amy Hopkins,East
01847803-d840-4ccb-a446-eceecaa0a679,2024-09-19,condition,Electronics,482.17,9,Anthony Perez,East
c8dec9ab-27c3-4784-82e7-448cc0037457,2024-04-01,many,Toys,208.5,1,Patricia Baker,East
c81236e6-ec77-4fc8-b38e-5adba93fa902,2023-03-09,range,Home,286.24,2,Dean Fitzpatrick,West
76d142d0-5c66-49bb-a257-4c5a903374bf,2024-11-23,beat,Home,277.91,10,Angela Hardy,South
e994f3e6-8fc4-4dd3-894f-7d5af313c0b0,2024-03-06,pay,Books,427.19,3,Sarah Whitney,West
cc68fd3f-9d37-4a5c-a2fc-7fe3696100ac,2023-06-25,chair,Toys,81.29,3,Meghan Wiley,East
e65a3ae4-3a72-417d-829e-d120cddb2316,2023-01-09,again,Toys,334.6,4,Christine Robertson,East
fb46ed39-8772-4347-9cba-9be3040464c0,2023-01-26,yourself,Home,382.47,1,David Lopez,East
31cb5e8e-ae25-42ca-a894-8b4cf0fcccc6,2024-08-28,situation,Clothing,290.53,7,Dustin Mcdowell,North
b3390a6e-a0b8-4e45-9abe-c113a1832fdb,2023-03-09,option,Clothing,471.77,3,Kendra Rodriguez,East
bc39e1b3-bb1d-4677-84e6-748a7f3ab7dc,2024-09-24,central,Toys,134.21,6,Barbara Sanford,West
3df8eeef-e44a-41f6-9251-ad083fcb34fa,2024-12-18,stuff,Electronics,98.34,8,Anthony Everett,West
c2112eda-f1e7-4a9b-af65-70d74643d705,2024-07-14,blue,Books,142.32,1,Dillon Hopkins,North
92b95731-13f2-4c86-ab83-f00fed2ee36f,2023-08-24,ball,Home,52.83,2,Morgan Stewart,East
b6bca2a2-be79-4965-bc9a-923672bbe7b3,2023-03-06,security,Books,362.21,2,Amy Johnson,West
e51c0cdb-8247-44df-9d1f-8e30731c877a,2024-09-18,attention,Electronics,123.83,3,Ronald Rodriguez,West
19b53b7f-b47a-4dce-8f70-9452ce8c037e,2024-03-25,political,Home,458.28,10,Terri Maddox,East
70c455a9-2a1b-4112-b033-1476f53fc3dd,2024-10-30,standard,Books,494.27,4,David Brown,East
6d3f4b37-ed90-41c1-90b2-e6e5ec6e61bd,2023-10-25,recent,Home,97.87,5,Jessica Baker,East
4598244b-f0bd-4405-a50d-d400a27ee80d,2024-06-28,business,Electronics,241.0,9,Leslie Daugherty,West
c1fa924e-e1bc-4fb2-afed-6cc540b000a4,2023-04-03,defense,Toys,91.18,1,Ashley Taylor,South
53e83663-9c14-440d-9b2d-81ccc602bd20,2024-08-15,tend,Toys,179.22,3,Ivan Kramer,North
7e15aa2c-07b6-428f-8e98-ce2517337a7c,2024-11-16,black,Books,492.42,3,Amy Ortiz,South
33e9e55e-4024-42a3-8334-f55802cee581,2024-03-16,world,Clothing,183.24,2,Rebecca Ramirez,North
6f844392-62f9-4bb2-a5dc-ac6cc329870a,2024-12-14,message,Toys,149.92,4,Brenda Rogers,South
ac4ebce0-a02a-4b21-a2a7-d0fcc683ad33,2024-12-10,lead,Clothing,182.65,9,Jeff Ferguson,West
d2928f4b-e151-4a0d-b275-16ea63a6aae9,2024-04-12,be,Clothing,423.95,2,Christopher Montgomery,East
5ac5f4f0-771e-4087-952b-1ee109d5b64f,2024-02-10,building,Toys,466.75,4,Ann Huber,South
907d8532-2076-4932-919c-21edd47133e7,2024-10-26,material,Toys,184.96,9,Patricia Brown,West
d26eeeba-53ff-4644-8741-ee56b5e2834d,2024-11-08,series,Home,367.69,6,Joel Cunningham,South
ebc16f69-7946-4978-a5e9-675306389bd3,2023-05-27,trade,Clothing,408.83,5,Kathy Mcintyre,West
14dc01bc-0aa5-4583-a2a5-a421858da7da,2023-07-28,like,Electronics,41.94,7,Stephanie Bell,West
5c6be596-58f1-4c91-9d6d-47e490e0172f,2023-08-11,more,Home,183.81,4,Emily Higgins,West
b7a02afd-30d6-463f-91c2-72d801267789,2023-04-27,short,Home,42.0,9,Lindsey Mccullough,South
789a2829-8a66-4359-abe0-a1771c5e1698,2024-11-29,view,Toys,156.07,4,Robin Coleman,West
d763b159-ed9a-489a-9085-2f4f0b09ec41,2023-05-16,concern,Books,195.41,4,Monica Stewart,East
067fece7-f1ff-46dc-b45a-a79bd855fb35,2024-03-27,notice,Electronics,401.95,5,David Rosales,South
2011bc8a-e7bf-4a96-a484-9eb55096ccf2,2023-06-18,blue,Home,466.0,9,James Hughes,South
a2b4d215-c3c5-407d-be29-2238fbfbe602,2023-04-10,certainly,Electronics,498.41,8,Diane Weiss,North
2462c274-abbf-46c7-a80a-ee2a466bd06f,2023-04-05,top,Toys,399.07,6,Rebecca Jones,South
ddda17a3-6779-4e0d-a5c1-df67987d616d,2024-11-04,hotel,Clothing,78.32,6,Daniel Lee,East
29b49664-0f52-461d-82f1-240d4e5c6dd2,2023-06-20,show,Clothing,450.88,7,Samuel Gray,West
e91e70af-224a-4354-a490-7635201910c6,2023-07-13,to,Toys,317.97,9,Ryan Hartman,South
b75db71e-a453-4fe9-b48f-653e7b1bcb6b,2024-01-14,knowledge,Home,32.39,2,Amber Hernandez,North
bad4c288-0bf5-4ed8-b93c-2989c399fd7f,2024-08-28,much,Home,418.7,10,Jason Evans,North
d2d07223-0b20-4e0f-8505-0a17d2e1ed4d,2023-08-17,case,Clothing,436.22,1,Tracy Patterson,South
b2835498-be80-493e-b0f1-bb1d8e10fed6,2023-04-16,be,Electronics,75.28,9,Jesse Taylor,North
2e22fd39-f31e-4448-a323-c57fa197b954,2024-07-17,produce,Toys,380.62,5,Jason Hendrix,South
d020baee-95fc-4389-8cd6-6756583e26a4,2024-04-16,move,Clothing,169.69,3,Bryan Galvan,East
2ca723c4-8f4e-4442-94aa-aefe153251c9,2023-07-23,already,Books,398.67,10,Melissa Nguyen,East
ccd9f2af-339c-4a75-83fd-46ffd03459a4,2023-06-01,show,Clothing,191.76,10,Micheal Roberts,East
b56b9357-b34d-48b0-93f3-c15842ce91c0,2023-02-23,until,Clothing,108.05,10,Anna Kim,North
8476af98-425d-495f-8846-bf9040fe6898,2023-04-09,on,Clothing,231.69,4,Krista Fowler,West
e8f58c5d-ffa0-4419-b4db-cc40ef7dee1a,2024-11-21,energy,Toys,269.96,10,Jesse Jones,East
72e6316e-e671-4ad2-81b5-468a27bb1580,2024-10-10,between,Clothing,224.95,7,Daniel Holland,West
a1ee691a-09e1-43b0-a71f-27728d7f7ba5,2024-05-23,shoulder,Books,37.91,5,Linda Kelly,South
83210210-a43c-491d-ad4d-a4ef95e38180,2023-11-06,strong,Toys,261.12,6,Michael Jefferson,East
50eaa1d2-c1f8-490b-a55e-44b808a6d5b4,2023-05-15,human,Books,330.84,8,Luis Cooper,North
31610b3d-1257-463c-b25d-cb50d15b5985,2023-05-28,war,Electronics,212.54,10,Nicholas Hamilton,East
9c63765b-74e0-4bbb-8a80-33a7a5fd89c8,2024-10-31,hot,Books,83.64,9,Melissa Keller,East
85b303d3-756b-4c0d-8ff0-c8ac3d1cd68c,2024-03-26,newspaper,Clothing,200.03,9,Joshua Newman,South
e9a4a856-556b-40fa-b5a3-cece28cdc38a,2023-01-07,who,Electronics,468.69,6,Alexander Owens,West
c5826444-79fa-4501-a287-401ba7bbaa76,2023-09-23,game,Toys,304.38,4,Tiffany Fox,North
1519401c-8b1f-4137-8ea2-55e08e50c79a,2024-02-15,or,Clothing,367.7,8,Tammie Garcia,South
00a1402e-57e7-4f7b-8486-10cfd21276c2,2024-05-19,say,Home,403.58,2,John Bradley,South
1a9e8547-147a-48ac-865d-8e4ed01e488b,2024-01-01,owner,Electronics,41.13,7,James Kane,West
91fd7d4a-5a31-46a6-9b87-cc5e6d7fe9b2,2024-06-03,office,Clothing,235.87,2,Laura Hebert,East
60c8e5a0-d560-464c-95f7-792a739ac9e2,2023-04-02,including,Books,138.26,6,Julia Thompson,South
d7604342-fcbc-4229-9caf-a108832c9b79,2024-08-02,when,Home,335.89,10,Jonathan Williams,East
22d80170-1e6c-4d83-a2f6-2516dc88b09c,2024-09-18,food,Home,428.07,3,Shirley Price,West
2ebed37d-05d1-46b6-acee-c38d511fcda9,2024-07-22,effort,Home,51.0,6,Nicole Li,North
567fec5e-04ea-481d-a006-8c1cbbd743b3,2023-07-23,others,Electronics,341.65,6,Leonard Delgado,West
0b4cba0a-317e-4b1d-9b83-acd5e2ccddd8,2023-02-26,rule,Books,494.64,6,Christopher Powers,North
b2e74e77-0fe1-4edf-a538-790169f12ccd,2024-11-21,benefit,Books,163.05,10,Amanda Washington,North
e963544a-63b7-4101-8bf8-e26a4fae667b,2024-07-06,claim,Clothing,75.74,2,Jeff Hines,West
cb60fefc-c47e-430e-99b7-02a20d5f024a,2024-06-20,point,Home,254.51,6,Amanda Spears,West
eb1c3ba4-5b9e-42d0-ab0c-9fddb61b03e9,2024-04-17,interview,Home,346.23,5,Janet Young,North
688181a8-13d1-4a49-ad46-9bf4d5cf2dc4,2024-10-17,to,Home,220.6,9,Kimberly Fry,South
9aa909f1-5adf-4d04-b0d2-27180dd35d11,2024-06-13,star,Books,90.52,2,Peggy Humphrey,West
417df4f8-c1a7-4e00-9ec1-2fa2e6df12ce,2024-10-28,his,Toys,475.29,6,Rachel Ferguson,West
d95e17e1-900f-42f7-8f4b-4ed5ac1d02e8,2023-07-29,simple,Clothing,386.34,5,Jessica Dorsey,North
2e402534-6987-4052-b421-9d3ecdc39412,2024-08-30,federal,Books,29.1,4,Yesenia Scott,North
439f4b86-cd6a-4e0c-b427-965607db34e0,2024-04-03,year,Books,373.76,5,Luis Wood,East
106861d3-633d-4c54-b304-59cc30c42d61,2024-07-19,head,Clothing,26.83,7,Raymond Lowe,East
06b42b6f-1f94-43c8-98a7-75945b8c4949,2023-06-14,mouth,Books,282.84,1,Rhonda Burns,North
675d0855-2d55-40c9-8576-598359cd012a,2022-12-28,hour,Toys,105.27,7,Jay Clarke,South
e5a1bdae-a747-495e-b0c9-52af9db31510,2024-11-18,against,Books,417.8,3,Ryan Ross,North
ca6ef7ce-74db-49f3-92a3-3c33037e5725,2023-04-15,across,Books,383.15,2,Olivia Powers,South
b1e186d7-df25-4e5d-befa-9c478dd6650f,2024-09-24,ability,Clothing,229.35,1,Timothy Richardson,West
dba45b5e-1498-465b-b9fe-0a1b7efbe877,2023-06-03,character,Books,19.63,8,Adam Valencia,North
66e51767-dcb3-4e4a-891d-fa7b0d3dc6aa,2024-07-22,even,Electronics,446.62,10,Kevin Rollins,West
eceb9505-dbc3-4e56-88a1-7945ca6d3e06,2024-03-17,sit,Home,136.72,7,Lori Dennis,North
840fbb0b-a5e3-47af-871d-ade6432255ee,2024-06-01,responsibility,Toys,231.05,5,Jennifer Wilson,South
1480f037-d39a-4bb0-962b-68d41880fa4b,2022-12-27,room,Home,248.13,4,Edward Lewis,East
19365f61-f484-478d-9bc9-e8895567a84c,2023-11-14,determine,Toys,15.96,4,Christine Young,West
277e5c18-0877-4fe6-b7d8-70b678ac8704,2023-04-02,read,Books,346.07,5,Tricia Walsh,East
ce03a34d-a022-4fee-843f-b606e8b7e2da,2023-04-16,weight,Electronics,478.06,7,Robert Moore,North
002f9cc4-096b-4aff-b5b7-751f497e28aa,2024-01-05,certain,Toys,235.92,6,Kathleen Walton,South
f1c51dda-2828-4370-9672-ebc7606e8502,2024-02-16,cultural,Books,186.85,9,Mr. Aaron Bridges,North
291a58af-259a-4b28-b22b-89748c5c192f,2023-01-25,business,Clothing,471.66,1,Christina Shah,West
28b299bc-ebbe-4a41-8781-e11f2cb38568,2024-01-19,them,Clothing,378.13,10,Lori Huff DVM,East
f172840f-3e19-40ba-ae09-ccfba3dee81f,2023-08-29,might,Home,471.91,5,Cody Morris,North
540988e7-9fed-4060-af23-d4afe0ff58a5,2023-06-13,simple,Toys,346.86,10,Elizabeth Hayes,East
f5657d00-7ba0-4f58-861a-e8d1f212cc6f,2024-05-28,member,Home,44.93,4,Cassandra Gibson,East
65ea29d1-adae-4e45-a036-e74be34d7804,2023-05-09,reflect,Home,51.98,7,Jason Woodward,South
a2bb6283-3d83-4d7c-b9f7-06d40b4ea16d,2023-12-14,car,Toys,461.3,2,Antonio Orozco,North
f75a7e6f-2b86-4694-941d-1a814815642c,2023-08-27,fact,Toys,146.11,4,Grace Williams,North
29e316ad-39dd-4477-9a22-0eb23cf9d1fe,2024-05-23,every,Electronics,420.44,9,Martin Gonzales Jr.,South
5d005716-7680-491b-abb6-204ee0db22d3,2024-11-08,technology,Books,326.43,5,Paul Nichols,North
62f25291-2353-4455-90bc-cb66e0631450,2023-12-03,chair,Books,481.66,1,Elizabeth Graham,West
2982100c-0372-4e33-8550-7d2b909e7f78,2023-06-22,turn,Clothing,119.35,8,Matthew Gibson,East
afdb4e0b-0171-4f1d-956a-2f20ee283bb7,2024-12-24,amount,Clothing,474.4,4,Michael Beltran,East
2c05b870-cd34-4cd7-b7ed-75b463d0fccd,2024-05-12,consider,Toys,347.64,8,Andrew Weaver,East
06714938-04fe-473d-a61c-ec19fff83cec,2024-05-03,whose,Home,170.73,8,Heather Lam,North
00f24603-8295-4fe0-92c5-53b5d2f74429,2024-07-17,realize,Home,31.56,2,Julie Gordon,West
ecf150e6-c6f1-49c7-8c15-a57509c64c1d,2023-07-26,have,Books,132.83,3,Michael Brown,North
25cf51c4-9c89-4296-92b0-35e01ca5a2f5,2024-06-01,tax,Electronics,37.96,9,Robert Lee,South
c96ef1a5-ac70-4464-a734-f9bbc7405255,2024-06-26,skin,Toys,73.76,5,Claudia Wilson,East
6b325d48-06c4-4109-89a6-e611613f718d,2023-05-20,game,Clothing,474.67,3,Joshua Baker,North
afb9f3a8-e9e7-41ba-916b-51ee6faefeda,2023-03-12,decision,Clothing,216.18,10,Jesse Daniel,West
ec2b5e21-3f7a-48e0-b611-8bd6553a773a,2023-09-22,project,Toys,267.23,2,Kevin Harper,West
37773772-829f-47ba-9d30-db822348e1b7,2024-01-09,beyond,Toys,110.13,4,Lisa Russell,North
213a6ad8-12b3-4a24-a67f-ceeb8889832c,2023-07-24,more,Books,419.82,1,Mr. Joseph Craig,West
59c07423-a89f-4916-90ec-83746862dc24,2023-09-24,student,Books,84.44,5,David Spence,East
e54ce0de-6e79-4a92-98b7-f1a2f74f1905,2024-02-16,miss,Toys,286.2,1,Nancy Jarvis,South
61bafa39-789c-4c72-bee2-9e686fa00319,2024-03-26,check,Toys,430.74,2,Debra Reed DVM,East
3d7439ee-6514-4471-aa95-1570399bcb79,2023-08-01,project,Books,371.27,1,Brittany Kramer,West
eba08424-65a5-4c1f-bb2e-cfc5a53011a2,2023-06-12,enter,Toys,342.52,1,Daniel Austin,North
409b3c5b-d5e8-489c-91ab-249d94d50a99,2023-08-03,full,Home,477.94,1,James Martin,West
86ce563d-e291-45e1-869f-c269ff7acd86,2024-02-27,customer,Electronics,491.22,7,Lisa Meadows,West
9aa1ecd6-058f-48d5-8ad6-cc515f2e1048,2023-10-25,prove,Home,276.85,4,William Parker,North
e072caae-797c-47bf-8793-85209c921e7f,2023-02-13,business,Electronics,304.57,2,Gregory Meza,West
9c684df1-0a51-4e87-86ba-68553cad275a,2023-05-10,prepare,Clothing,264.4,7,Johnathan Hill,East
6409df32-cc4e-46da-9e09-89b952526d45,2023-10-12,religious,Clothing,34.24,5,Jacqueline Middleton,West
88d3281a-1b4e-4428-a048-3bb2f6d080c4,2023-03-23,road,Home,107.92,4,Mark Archer,East
24eac3f4-0c78-42f9-9a41-8b24e0acf9ff,2024-03-27,eight,Electronics,467.81,1,Joseph Ayala,East
c48ae374-06dc-4579-a476-40a1b6a659ef,2024-11-29,head,Home,57.83,6,John Bond,South
f9fb4010-dec7-42b7-bb22-fa316bc9e970,2024-05-14,successful,Books,191.38,7,Kelsey Yates,South
1ad566c3-ecb0-4f48-aed6-3ea464a2bc48,2023-03-08,inside,Electronics,55.74,10,Melanie Patrick,West
7644d183-9aab-422d-b5ef-8aabb693f4ef,2024-01-30,specific,Electronics,337.98,10,Brandon Williams,North
796f9881-572a-4b53-ab6b-7b4229502326,2024-10-17,board,Books,190.71,9,Colleen Wagner,East
eb1d1061-9717-4a6e-a8b4-d5b9693d993c,2023-04-11,face,Clothing,19.74,9,James Bailey,West
c30759a4-48a1-43ab-9d55-daaffefc5b4a,2024-07-02,stage,Toys,383.74,10,Ashley Figueroa,North
5e47c2a0-eef6-4139-9ccd-d34080e97f74,2024-10-30,without,Toys,194.18,2,Laurie Harrison,West
5b8d11ba-a0ec-4e5a-a487-8d19586d7f41,2024-12-06,important,Home,106.69,10,Kimberly Jenkins,West
84caa7c8-a159-4b4f-b901-726fc421325a,2024-12-04,onto,Electronics,58.24,10,Jeffery Tran,West
e08c28eb-3218-4fbf-8dcc-bbedc0e0d55b,2023-12-17,heavy,Toys,451.73,2,William Dalton,East
b934718f-2d49-4ca2-81f4-317df5141524,2023-04-15,almost,Home,476.04,3,Joseph Wong,East
614f1ddc-4bc9-42ce-931d-a6ac956c2129,2023-11-18,pull,Home,32.61,6,Christopher Schneider DDS,South
8d2ad974-4a86-4655-8a9d-499ca2698c2d,2023-07-16,glass,Books,83.04,3,Kelly Harrison,East
69199a8a-aea6-4315-88ef-444a6e63ffa4,2024-11-20,each,Books,94.39,6,Annette Mcclure,West
354af1bd-ba56-42f7-a00a-a45e44e1b08c,2024-07-16,indeed,Clothing,59.94,8,Peter Stevens,East
1c3c8d35-21d4-4b7e-a258-7c8958ccf9b4,2024-02-14,along,Toys,103.75,8,Amber Moses,West
07fe6a4e-2a6f-4e47-9b61-f92b9cf600ec,2023-05-25,sometimes,Clothing,11.52,6,Ronald Ferrell,South
76a933cf-65fd-4f69-93a2-5c9b6e3a52d7,2024-08-07,know,Toys,84.83,9,Mallory Hernandez,North
b5004950-b5f5-4316-a453-35cc137fcd2b,2024-08-30,not,Electronics,205.82,7,Megan Hickman,West
6ce8d7dc-c71d-42d6-93ec-5718ae4a741a,2023-05-11,expect,Toys,18.15,4,Candice Johnson,South
2367ad9e-8dcd-4d64-b9e8-e4ee8b7f6d7a,2024-07-21,start,Home,308.49,6,Heather Rogers,East
2a1ace85-351c-4aac-a728-ec952b52dab1,2023-02-16,successful,Home,263.7,7,Thomas Huff,South
22b3ce34-867a-4ac9-879b-e4e53a6e8f12,2023-07-18,collection,Electronics,312.79,1,Karla Joyce,North
e65d1c73-5b62-47c9-be38-01afd1a8d7b0,2023-12-02,wide,Clothing,169.17,5,Stacy Ponce,South
49bcf4a8-bc62-44a8-9f93-e802e1c25cd1,2023-09-05,everybody,Books,49.38,10,Leslie Mccarty,West
af273f40-55cd-472e-8b10-cf68b7691470,2023-10-13,any,Electronics,156.53,4,Joshua Wilson,West
ea045534-f679-4fd3-8d74-afec1e548a7c,2024-01-26,size,Home,218.02,8,Taylor Castro,South
c5fee487-68ab-4281-968d-2bc2dac7c336,2023-02-02,executive,Home,395.26,9,Steven Garcia,North
2887a3a9-e633-47c3-8303-42c7dcfbde0a,2023-09-18,several,Electronics,54.4,7,Amanda Frank,South
f7f1bb27-8066-4563-a0c3-0ce957ac59f2,2024-10-02,base,Clothing,437.08,1,Rachel Bates,East
25033a3e-b1f5-47d0-887b-4cca54f02dc4,2024-10-24,good,Electronics,393.96,3,Rodney Walker,North
bd637b3a-fc0b-4519-a04a-a4a2e983cc1d,2023-10-23,range,Toys,230.44,10,Lori Kirby,East
3c0a94de-4e24-4cf7-8e33-dcabbe684e2b,2024-07-18,keep,Electronics,42.89,4,Alexis Leblanc,North
60e9bd79-fe1c-41e5-aa31-e67ae1680205,2024-07-07,account,Electronics,468.97,8,Jill Bryant,East
78a55d6b-f2de-400f-a3e8-695158b5f052,2023-10-19,staff,Books,193.65,3,Rachael Stewart,North
68fc642a-f6f2-4926-8e60-678b82f4b48a,2024-02-24,resource,Home,249.53,1,Connor Castillo,East
1903b45f-d01c-4935-a803-2f7efef06b04,2023-04-01,example,Toys,417.22,8,Amanda Abbott,West
25cc2478-276d-4e19-b924-e06aaef5baef,2024-08-15,dream,Electronics,113.76,2,Christopher Lewis,North
a25130a8-9870-4707-955f-bc3301424249,2024-06-28,reality,Books,231.86,1,Melissa Abbott,South
e1a9344e-ef7f-4bc8-bb24-cba4b4577bf7,2024-06-30,work,Books,446.79,9,Tanner Martin,West
c77f0b62-b264-49f7-9b58-286c8461f840,2024-02-18,tell,Books,388.66,10,Jason Rogers,East
98856c7f-3475-4526-b2b4-c281a5b91ee8,2024-03-11,traditional,Toys,90.52,9,Megan Brown,South
83719849-fb52-44d9-9a66-d48da4f0d9c2,2023-04-22,start,Toys,372.16,10,Joseph Garcia,North
bb5f15c1-b044-4ebb-8445-17ef1c769e1f,2024-05-17,section,Clothing,225.8,6,Michelle Montgomery,North
15db4487-6038-43f3-ab2b-cfda9d4319b5,2023-01-21,country,Electronics,434.23,4,Timothy King,North
1d8ac1a9-02af-4382-8938-ad77cb18d6a4,2023-08-19,environment,Clothing,165.41,1,Joseph Madden,West
b8f35c26-d13e-439c-9cb6-f1f0e4751694,2024-04-17,hope,Toys,480.7,6,Matthew Roberson,West
ad0cabfc-1baf-41f1-917f-a07e7b0f78c1,2023-12-04,with,Home,310.38,2,Courtney Ramirez,West
b259a6a0-9591-4900-9e7c-faad73df770a,2024-01-29,test,Clothing,397.77,2,Nicholas Simpson,North
cfe4fb66-7c8d-4368-aaa2-843940fe81ec,2024-08-07,need,Books,415.17,4,Thomas Gonzalez,South
28b74f3d-ec38-46bc-ba8d-1c00c6962905,2024-03-15,protect,Books,242.88,5,Marc Long,West
e5098f9a-d3c6-4e05-8d37-aebb8fc7f7e3,2023-11-13,build,Home,347.42,8,Kevin Lynch,South
820bc51d-db3a-4fa6-87d0-286213f36e53,2023-06-06,Congress,Books,466.03,7,Brett Williams,North
06999e1e-2b02-437e-a2cd-159aebba80d2,2023-12-24,modern,Electronics,335.06,10,Daniel Lozano,North
2ab465e9-d97d-4b38-a4a9-8266d3d6362b,2023-06-01,decision,Books,165.29,4,Corey Ray,East
68adc28f-8463-416a-be65-6befe0efc989,2023-10-25,try,Clothing,316.47,5,Max Clark,South
702cebbe-3544-4189-a920-46339bb68cd2,2023-03-03,our,Home,194.82,10,Angela Gomez,West
439ddd74-67af-46d9-af04-ef81b5481bf2,2023-03-10,poor,Clothing,294.04,10,Lucas Smith,West
eb6ec9e0-225f-4457-9662-5aa1056b565f,2024-02-13,personal,Clothing,195.7,1,Brian Guzman,North
70e2ee61-e29b-44d7-abdc-9c10636241c3,2023-11-02,back,Toys,143.34,10,Michael West,East
60032713-ea8f-423d-8dbc-321b90a00ee1,2023-03-29,involve,Electronics,318.25,10,David Frederick,East
a4e0ee5b-1638-425c-8d66-65d8edf2a720,2024-01-22,feeling,Toys,316.27,1,Nicole Stewart,East
3bac2660-55a3-4129-a7ba-6b1a96954911,2024-05-31,teach,Home,408.95,6,Destiny Johnson,South
0a02da60-749d-4601-9f98-377981bd5336,2023-12-22,rule,Electronics,195.08,4,Michael Sanchez,East
44c8fd00-1a0f-4218-9eb8-83257add8fed,2024-07-29,resource,Electronics,16.67,5,Emily Weber MD,South
8d00b7b2-7d82-4ccf-81eb-88e5d549faad,2024-05-15,and,Books,171.51,1,Robert Harper,North
43eb280e-7901-4990-a4e3-22cfa51de78b,2023-05-04,evening,Home,68.86,9,James Fuller,North
5d443821-8a7f-43ae-bad2-3fbf2e573864,2023-01-19,accept,Toys,108.44,3,Jessica Ellis,West
9bde299d-da28-4b7a-8d6d-99a628d798b4,2023-05-30,all,Books,448.05,9,Leah Wise,East
74f8c57b-24c5-42ca-aab3-c4d8d4e4004b,2023-06-23,successful,Home,12.38,1,Melissa Roman,South
7a658abe-1188-4fa1-b660-ffd5119fc1c4,2023-06-29,policy,Toys,442.14,1,Cathy Bush,North
68f49b51-f3fa-4613-90ed-41f464aba3f6,2023-03-08,cold,Clothing,68.16,3,Jessica Torres,East
7b777bf2-43f9-4cbd-979d-221d8e5f37fa,2024-04-02,girl,Electronics,147.42,9,Todd Jennings,North
4bf41e10-1c62-4f82-9081-3d923aca43f2,2023-10-14,consider,Home,282.29,6,Margaret Collins,North
181a218e-cfd6-4560-9c05-c1f3241d3e27,2023-11-05,voice,Clothing,360.89,9,Sharon Cabrera,West
0e8472a7-dd33-4379-a88f-58c1237d7b90,2023-02-17,interview,Home,274.2,8,Kathryn Weiss,East
96248805-2305-46d3-aa61-353ad2b00078,2024-11-13,east,Clothing,226.59,7,Angela Malone,East
0876daaa-01ce-4fc6-b2d1-16fe8f08963c,2024-09-28,past,Books,450.03,10,Kathy Walker,East
b325442c-8eeb-4fd8-a783-b0c3dcae667e,2024-02-23,official,Electronics,263.12,9,Jonathan Petersen,East
b6d066f2-7d87-4566-9a0a-80bec15dfcfc,2023-06-08,tell,Home,372.08,3,Sean Coleman Jr.,South
79140a61-ee65-4feb-9b67-4518b0bf7f14,2024-02-06,decade,Books,422.52,1,Robert Lynch,South
c7afae8f-dfec-42ae-98e7-60bf8f3e64f4,2023-05-28,who,Toys,450.32,10,Michelle Horton,East
af8c96a9-18f7-4499-9f61-c53457d1d37c,2023-06-12,almost,Home,359.74,3,Michelle Stephens,North
7f6bf51b-3a05-40b7-bddf-55b2015128db,2024-01-10,question,Home,265.61,7,Tammie House,West
4642cddb-4fbe-4aae-bbf7-0946d6ada066,2023-03-05,of,Home,132.76,1,Jonathan Fowler,South
5ad8712d-7ee1-42a3-824b-fe48398071b1,2023-05-22,some,Books,488.82,4,Jason Jacobs,East
ed3032ed-824c-4948-b474-b1a4f2684ee1,2024-12-12,toward,Toys,313.05,10,Amanda Morris,East
4e051eea-13d7-4846-9777-6c3a57435d9c,2024-10-22,vote,Toys,488.05,6,Christopher Nguyen,West
bd2cdb8d-39eb-4a32-ac1b-681192dbd613,2023-03-12,customer,Clothing,188.58,4,Katherine Jones PhD,East
dc58ea6a-6193-4b51-b6ac-a9b45e146c30,2024-01-27,long,Home,155.62,4,Dr. Lisa Powell,East
49b3fe66-3b4c-4730-a53d-f737c2185e77,2023-04-05,type,Toys,95.1,5,Laura White,North
c6b7e7cb-be0d-44ed-b306-1611ef96a214,2024-04-06,office,Books,93.3,10,Karen Hale,East
c814ed3c-e166-46ab-a8f6-14bd7b2aa677,2023-05-25,reason,Electronics,154.66,3,Dylan Torres,North
9cc753ad-6264-490f-886c-0adf5bf26ec8,2024-02-25,listen,Books,199.25,8,Michael Bell,South
1e94eb4b-c74f-43ca-94c6-67bb211e55c3,2024-03-17,personal,Clothing,348.21,3,Alexis Johnson,South
de5fe0ee-8010-4500-9ae5-253066b48fc6,2024-02-01,present,Books,462.51,9,Thomas Williams,North
b594b706-a7fb-481e-ba88-a4ab78916712,2024-05-04,good,Home,338.25,5,Zachary Collins,North
5bd71dc6-ea75-434d-a1d5-34025fba6dc2,2024-04-20,term,Clothing,290.35,8,Arthur Miller,North
f902d6c0-5bf5-4279-8704-768e6e927501,2023-11-25,half,Books,374.99,4,Kevin Johnson,North
b6e0eac2-c42b-44c4-846f-5825669ff1b9,2024-04-04,his,Home,381.33,3,Teresa Cook,East
1af4321a-ddd3-4779-8879-996dfe38f4eb,2023-10-27,but,Clothing,19.92,6,Lisa Johnson,North
1ee1723b-4a96-46a4-a752-41027acf6bcc,2024-10-26,spend,Clothing,374.97,7,Vanessa Quinn,South
eed15368-5811-4722-a77d-fc7b722c353d,2024-05-05,strong,Toys,240.53,4,Jennifer Wyatt,East
edfda291-2fdb-4c0d-be4a-565e3e581dd5,2024-12-03,adult,Electronics,85.53,5,Henry Poole,South
3a8be161-7fd2-470a-968d-6f3ef4b445aa,2023-07-16,kid,Home,417.62,1,Connor Brown,East
f9adf8c5-6247-440d-ae5c-eb3d1c275035,2024-05-30,himself,Toys,402.17,5,Stephen Townsend,West
7636efd9-8376-4fa8-b6fe-579f6382f3b5,2024-09-06,cultural,Toys,115.03,7,Sarah Hernandez,East
ffb59512-fa04-4706-af8d-ff9bfae3fcee,2023-12-26,media,Clothing,45.94,1,Dr. Sabrina Scott,West
387cdf02-9e3b-4f04-9418-864590de6fba,2024-05-05,true,Clothing,307.22,9,Logan Brady,South
4fab2ad8-8091-421d-a637-c09facf606fc,2024-04-27,wear,Books,159.64,9,Brittany Walker,West
849648e8-5084-440f-bb8f-5fc77c96eefa,2024-04-06,drive,Toys,69.71,9,Robin Phillips,South
78c5a976-1786-42e8-806b-8fd6af157ed9,2024-08-28,seven,Home,238.56,3,Michael Miller,North
f325f875-e417-4ba3-a4ee-c62b51306e5c,2023-01-16,responsibility,Toys,225.64,1,Derrick Johnson,North
6e6d086c-f7b3-4a86-921d-bc093a357442,2023-09-23,similar,Toys,44.22,8,Edward Kline,South
c57842a9-934c-472a-8c72-fe13fbf28c1c,2023-09-19,training,Electronics,178.38,5,Cynthia Parker,North
437249fd-17ee-4fe6-a810-91fe0a5a0322,2024-08-13,provide,Electronics,426.16,1,Virginia Hill,West
2db6de21-53a9-4c5d-b9b5-c70e3346f7c6,2024-08-28,support,Clothing,423.53,7,Brian Jones,South
b2daa1f6-cc16-414a-ae4a-6e781cf4a8ed,2023-06-02,wear,Toys,112.49,9,Matthew Cohen,East
f3f05323-3bd5-48a2-873c-36ba5d393bf9,2024-06-22,smile,Clothing,434.5,7,Samantha Hill,West
88da091b-61f6-4877-8212-585b0b2f8580,2024-05-08,share,Clothing,257.35,7,Tony Warren,North
d24e3104-1dd2-4234-a131-24bd01275a63,2023-01-20,visit,Home,378.49,10,Michaela Livingston,South
e998952c-ef58-451f-9b1a-e0199aca0c4a,2023-05-27,program,Books,328.86,8,Reginald Wallace,East
7751b3fa-bdb6-4ff3-94e1-67063309a536,2023-12-02,week,Books,11.78,10,Omar Mendez,North
852d2ee5-0061-4d30-9907-3286329cd43a,2023-06-10,wife,Toys,325.9,1,Kevin Garcia,East
6a4ace0e-d89a-4500-9f13-d2fbe583847f,2024-01-31,image,Clothing,206.29,7,Amanda Jones,South
ed0d0418-2d58-4ce9-8974-5cd7111868f8,2024-06-06,south,Electronics,78.49,7,Rachel Peck,West
6a594b07-eda6-4806-ba19-607d3bfb255e,2023-06-07,plan,Toys,233.83,6,Todd Shaw,West
00183cfe-ceb0-4220-b984-f33f61c61ae4,2024-09-26,administration,Books,349.46,9,Edward Simpson,South
f9df7275-6199-4015-b5c9-599f6f9179cf,2022-12-30,reflect,Clothing,321.58,4,Amy Daniels,North
f45c8840-9da2-4338-8a8b-c856c3edd9b7,2023-04-15,trouble,Clothing,145.11,6,Sharon Watson,South
58d97f4a-9533-4356-874f-3be044f20133,2023-06-26,word,Clothing,106.39,10,Matthew Perez,West
565af699-d3bb-43d7-9e12-425cb42fb357,2023-12-12,cup,Books,414.41,2,Joanna Allen,North
2266a107-a408-401f-b433-97f1ad5b9bb2,2023-12-26,possible,Toys,202.15,6,Kevin Gregory,West
40709bd4-1790-46b7-845c-21e7988d0e4a,2023-03-05,smile,Electronics,126.99,9,James Church,East
1a7e256d-b6ff-412c-9a6f-0c9af1f7e90f,2024-04-07,miss,Toys,224.03,9,Kevin Bryant,East
24536074-b13d-4531-862d-7f7a45dae1f3,2023-07-27,job,Home,259.65,9,David Brooks,East
22ca9fe8-a8aa-4d13-85a9-18d19eede43c,2024-10-04,sometimes,Clothing,361.01,8,Jordan Barajas,North
f9d2b2de-92bb-4701-b503-c56e61002dbd,2024-05-12,including,Clothing,188.17,8,Debbie Anderson,West
6bd1f046-339f-4b69-91cd-2c07a8f78b61,2023-08-07,color,Books,414.7,1,Amanda Gonzalez,South
8f41d3e4-1ece-45e5-8018-41f4820d15c6,2023-10-25,class,Toys,217.85,10,David Ellis,South
79801aaa-e93b-4418-b170-b1ed1b040be3,2023-09-06,respond,Toys,105.25,3,Katelyn Morris,South
729bd820-e4ad-44e2-824d-9e961fe253b0,2024-07-20,laugh,Books,128.14,5,Jonathan Smith,South
8c3af69e-7474-4f6f-adbd-b6e57844c2ac,2024-07-06,I,Clothing,177.7,4,Joshua Glenn,West
41229d75-6a8d-4e84-a0fe-652b56fe2301,2024-12-21,light,Books,167.07,3,Gary Collins,East
816480fa-90a2-48e1-941b-d89660924d2b,2024-05-23,their,Home,138.48,9,Kayla Nolan,North
dcff697d-d26d-428d-91f1-5ee755e9718e,2024-11-20,since,Toys,213.3,5,Dawn Hughes,North
59de5319-3f9b-4cfc-b42c-59053bcab3ea,2024-07-01,service,Clothing,241.06,5,Anthony Noble,North
69083bd6-ef61-4cac-8674-d2447b056d02,2023-08-13,question,Books,89.84,6,Samantha Perez,North
e355c369-b931-426d-b26e-8017061f5679,2024-11-05,smile,Electronics,120.37,9,Kimberly Anderson,North
f5652d00-67a4-4b26-8d6e-44f20189a5d9,2024-05-29,difficult,Clothing,38.85,3,Teresa Dorsey,East
3956fba9-7232-4dc9-8677-81b2c3a31607,2023-03-03,entire,Books,163.78,4,Kevin Case,East
7a2be049-40d2-416f-bdb6-12f46df2fc82,2024-04-15,at,Electronics,210.89,1,Kathleen Mercado DVM,North
70df67b9-3a6f-46fa-a418-13ef799fde33,2023-03-31,school,Books,118.39,6,Meghan Pineda,North
7c76a592-a73e-4f3b-9c27-761d4894d9fc,2024-09-27,worker,Electronics,366.71,7,Barbara Clark,East
26184c80-edf6-41e0-ae8f-0e0999755cb9,2024-01-14,cold,Clothing,241.5,8,Christopher Black,West
af3b5a91-85ba-4545-94e2-6a5bf807cdd9,2023-10-08,when,Books,232.73,9,Edward Cooper,West
eec9fa67-4cc6-42fc-b006-ff85166a1a98,2024-04-13,outside,Clothing,266.62,10,John Beasley,North
1f6ceec1-ac54-4740-a182-e35f848edc98,2024-04-20,able,Toys,106.33,3,Pamela Price,South
57c2747f-27b5-4ee7-8f1a-6c44f239fbb0,2024-05-16,fish,Clothing,336.37,10,Hannah Parker DDS,West
9f2d5db8-deba-489f-959d-e20409642b31,2023-03-03,whether,Books,251.77,10,Jamie Ortiz,West
e668bb6e-c408-443f-a90d-07e4ce1f4081,2023-06-21,smile,Electronics,127.36,7,Luis Scott,South
3008a519-ad83-4951-a3ea-a00577f63854,2024-10-23,crime,Clothing,286.26,7,Amber Olson,East
2ae201c0-312a-4c3c-bf00-625769560c06,2023-04-09,bit,Books,24.89,9,Jennifer Harper,West
f2b72bd2-c97b-42af-8c10-ef0164119d38,2023-11-07,class,Home,330.09,8,Adrian King,East
56c6544d-f60c-4881-85ac-7520cd4668fe,2024-12-09,enough,Home,463.64,4,Robert Nelson,South
d46e34aa-ae9d-4797-8284-e0bee33e270a,2024-11-07,control,Clothing,436.65,6,Michelle Boone,West
53fb2ed1-b953-4807-b009-61c3855a7d8d,2023-06-29,information,Clothing,461.87,3,Jason Rivera,North
8af37d72-ec4f-4490-84ea-f9432ee66e21,2024-10-20,establish,Electronics,374.89,6,Thomas Logan,West
952b750d-9830-449d-99ef-bb41b66b6b0b,2023-01-07,nearly,Clothing,36.94,10,Lance Colon,West
b050eb01-a22f-4818-a6f3-32446f1d5baf,2024-01-05,weight,Clothing,93.14,10,Rodney Nichols,East
a9c7ae92-e61b-4dc6-be52-5e4f9e203161,2023-08-01,quite,Clothing,271.42,8,Robin Davis,East
991ab513-369f-4284-adc6-41cd921bc646,2023-04-15,know,Toys,74.82,9,Jodi Richard,South
7cddb4cc-3e33-4f35-886c-976870fe3cfc,2024-01-30,full,Home,131.68,4,Eric Nichols,East
5153f737-d7f1-4ec2-9a9d-add2e7aad070,2024-10-11,nothing,Toys,397.69,10,Glenda Shelton,North
0021b632-3246-47d9-bb29-66398e4a295d,2024-04-29,should,Clothing,356.94,4,Gabriela Jones,West
3e2b6653-2258-4df3-8ff0-952a0b2591c4,2023-10-08,language,Home,179.45,3,Adrian Thomas,North
9c272c51-ac98-4368-9fc8-b87a7176d181,2024-07-21,military,Home,236.69,4,Destiny Martinez,East
1beaf9cf-af3c-49d0-a92c-3c3e3957f082,2024-06-02,majority,Clothing,423.37,7,Candice Peterson,North
840658d1-c1da-4d39-b735-0626dca8b6fd,2023-04-17,call,Toys,186.76,6,Shari Campos,West
a2521f50-a54e-4c8f-acb3-077a6cef5e55,2023-03-24,enough,Toys,49.39,5,Veronica Robertson,West
aedab7b5-e2aa-45a7-8951-03edfd05a5f5,2024-01-23,point,Clothing,97.17,4,John Watson,East
31307e46-af79-4546-be51-68dc5690f74d,2023-08-31,forward,Electronics,138.18,1,Jon Underwood,North
d7de701d-8eaf-4323-9f65-380029c836e0,2023-08-30,even,Electronics,89.09,4,Michele Ayers,North
640ca20c-702a-4b67-b7ae-77585b45cf5a,2024-06-07,entire,Electronics,156.36,4,Nicholas Moody,North
51497435-a9c9-424e-bd72-3837705bacc2,2024-07-09,seven,Electronics,190.49,10,Morgan Stewart,South
113c1836-77f4-431b-bde9-d47dd89331ac,2023-02-21,feel,Books,215.6,3,Chris Davenport,East
1d010478-c110-412c-b843-1ed6258694b6,2023-09-30,how,Electronics,419.61,4,Christopher Stevens MD,South
efb80c63-f42f-438f-a7e0-8e2fc06bad38,2024-11-25,political,Books,438.25,9,Mr. Cody Burke,East
b52f6009-76c0-4651-b361-c49764e0dab3,2024-09-15,my,Home,173.45,1,Ricardo Collins,North
5e2d2454-e462-42e7-b5c3-de958a647b9f,2024-10-08,agency,Home,486.19,4,Krystal Morris,South
67f8ab57-0572-4bb5-8bee-2ebdb44788bd,2023-05-22,money,Home,498.2,4,Jared Jones,East
698eecba-da98-4a57-966a-dfc43513198c,2023-05-29,write,Clothing,228.51,5,Tamara Bowman,East
ca6cb87c-dfb8-4708-91d2-125a95e19cb6,2023-08-11,race,Toys,494.37,6,Rachel Davis,East
a2251838-35e1-492e-8a74-bec56951743e,2024-02-03,my,Toys,464.01,5,Melissa Hernandez,East
ab341860-fefd-420b-b5ef-aa99010f5ddf,2024-06-18,yourself,Home,469.69,2,Rebekah Allen,South
e80bb7eb-a499-49cf-87e5-1bbc22e9e671,2023-11-19,morning,Books,379.56,8,Brian Parker,South
8b3e00e7-6151-487e-8f02-7fe87d5d9031,2024-05-13,degree,Clothing,317.61,3,Roy Woods,East
9ad73702-140a-442e-90e8-57f88986148f,2024-07-10,knowledge,Home,391.5,1,Cynthia Lyons,West
c095e099-7e24-4205-bb00-d206f8542953,2024-07-19,expert,Home,144.97,8,Jennifer Atkins,North
9df497f1-6b5a-474d-b436-7eaa03ea038f,2023-10-15,side,Clothing,326.58,4,Blake Williams,West
156e3ae5-4fe4-4735-9c29-b6dac1d7fbe9,2023-10-27,reality,Home,102.91,9,Sandra Reese,East
cef980ce-c471-421a-85f2-b928beb9c9e2,2023-01-21,sort,Books,499.11,1,Elizabeth Ayala,North
dd9539fc-f7cd-4b75-9d26-3e763d3703f8,2023-04-14,investment,Electronics,10.56,3,Lindsay Lindsey,North
f555a628-dd15-4fb4-9680-51b70723b796,2023-12-02,seven,Toys,494.35,8,Mary Lloyd,North
773b8350-2743-40df-9e15-428a833cf90f,2023-02-22,although,Clothing,318.24,5,Cindy Clark,East
72789d75-97f0-4fcf-9c35-1dc942260a44,2023-08-05,age,Electronics,469.16,9,Sierra Montoya,West
fb2323e7-d6a2-4379-a0c6-a8a74748f7ea,2024-04-26,join,Books,174.06,9,Brittney Baker,South
bef874d7-6251-474d-a1f9-c40838330558,2024-05-21,one,Toys,54.74,6,Misty Ramsey,North
3a724b9f-56fb-4c72-ad6a-1bfc81be81f4,2023-04-24,bed,Toys,132.37,7,Meghan Carter,South
ef82c4d6-438d-48b1-9719-64f8d2fb05ca,2024-02-07,success,Electronics,346.83,4,Erin Shah,South
50c6fa8c-27a0-408c-8b44-361f16c7354a,2023-05-20,fall,Home,117.86,1,Chloe Foley,East
7c2b940d-9045-4445-958c-d60ea07f7f47,2024-09-29,seem,Toys,443.37,6,Sonya Lucas,North
86fe0ded-fe38-484b-b489-362c10345193,2024-04-05,talk,Electronics,267.95,7,Benjamin Anderson,North
62b22fd5-51c6-42e4-af48-744f7abc9f0b,2024-01-09,agree,Home,408.52,8,Karen Richards,East
1dd95d4c-0637-4dca-9f46-30adbaaa6300,2023-09-22,all,Clothing,109.41,9,Mike Ryan,West
ef89c2e7-aa17-4666-9b6e-83a96f2af3b2,2023-04-24,mind,Books,494.02,1,Savannah Miller,East
2449213a-c2fa-4184-a232-4672f64e8f4a,2024-03-23,respond,Books,166.31,8,Cynthia Booker,South
b49b93d5-1e70-4e19-87f7-9ee0e299cb48,2023-04-19,take,Toys,144.85,3,Jason Beltran,East
a11b26b0-0823-4adf-bf75-12c56e05724d,2024-11-04,in,Toys,330.11,8,Amanda Stafford,South
1d8cca3b-6261-4790-83a0-61c445a16970,2024-03-13,none,Toys,74.06,6,James Thomas,South
9dbdc6ff-5fad-4a0d-8aa8-3cd65804a881,2023-11-23,hard,Home,441.04,7,Maria Strong DDS,West
bebbe60d-3085-4e6d-a31c-c5d2cd96a6a1,2023-07-18,often,Clothing,23.16,2,Shelley Rosario,West
0f424ffa-8abb-472c-8aae-0c3ad31224e0,2024-07-22,marriage,Home,475.64,9,Tiffany Estrada,South
03927935-8d5f-42c0-83f0-ba7756b8002a,2023-06-07,need,Books,292.1,8,Tammy Bender,South
d1cae193-7ed6-4f4e-a875-176629530a13,2023-03-25,light,Clothing,55.05,10,April Richards,South
4202faf9-dceb-4f56-a31c-a36b059ebb2e,2023-04-26,only,Toys,67.17,2,Mariah Lee,East
feeac13d-5813-42c2-a33e-383454e27ea6,2023-04-12,six,Books,49.04,10,George Rose,East
8fad725d-9d0b-4f5e-996d-362dfec24805,2023-12-02,significant,Books,271.54,9,Jacob Davis,South
c20166e3-ca68-4a98-b48e-f9a86aeb5a32,2024-12-05,score,Home,121.67,1,Jasmine Dixon,East
1aac3ca1-920c-404e-8063-d5251152797e,2024-10-14,we,Home,386.57,1,Zachary Carter,East
ffbdfd47-dc79-42f0-9338-94b3854ca896,2024-02-14,may,Home,104.96,2,Rebecca Jackson,South
08df6b19-7c3a-4037-a0d5-c16e961139cf,2023-11-19,particular,Clothing,480.83,9,Harold Jackson,South
393031a6-c82a-4c15-9733-f669852d8585,2024-12-21,crime,Books,138.98,4,Nicole Santos,South
d61a43f2-8ecb-4971-98c8-ece658ea0417,2023-05-13,sure,Toys,494.85,2,Anna Perry,East
2d5c6415-fedc-48f9-b78b-094cb5178761,2024-10-06,people,Toys,312.07,4,Dr. Jesse Ryan MD,West
3aeb5bc0-f63d-407c-a9d2-1bf8b1954990,2023-01-23,somebody,Electronics,30.17,10,Aaron Vance,East
b2c92c12-9bd9-4220-b38f-4acf66270136,2023-08-14,ago,Toys,432.09,5,Alicia Hernandez,West
28702bb1-5931-49b4-b061-46ffbecba4c8,2024-07-29,policy,Books,378.2,2,Laura Miller,West
e5039055-f90b-4724-b883-a8ea44e8a604,2023-12-25,heart,Electronics,497.66,9,Regina Green,East
8c1a612b-fff9-4f34-b94d-9109593985b5,2024-03-13,develop,Clothing,16.19,7,Oscar Long,North
773a13fb-3750-4d77-b367-2754da2e6e6c,2023-03-01,foot,Books,38.8,8,Dustin Tran,East
20e30a4d-fbce-4cd0-9050-f32cd4062cce,2024-06-07,law,Books,440.18,8,Jennifer Stewart,West
c6b4195c-aa19-4f26-8fa4-1d2246ddb0ac,2023-10-05,audience,Clothing,138.56,3,Vanessa Camacho,North
a908923b-1551-4819-801d-ebf6c503ccb5,2024-05-10,discuss,Electronics,195.51,4,Carl Guerrero II,West
df4a518a-4ef0-4a9b-93fd-2516d1bfbaba,2024-12-13,bill,Clothing,446.91,8,Mark Walker,North
52c1b3c7-f33c-4233-8833-b07eb4d56ffc,2023-03-11,company,Toys,478.49,5,Kathy Hamilton,East
039d60ba-9c99-4735-95a6-52a708fce7af,2023-03-13,story,Books,425.89,7,Julia Le,West
2a9e9a38-1d5a-474c-8da8-40fd4adb0798,2024-01-12,police,Clothing,450.96,7,Natasha Mcclain,North
338f8437-faa2-4bad-867a-6bdfb63c1dd8,2023-07-03,long,Clothing,194.02,3,Michael Smith,East
dd7516f5-58aa-4383-8dff-06d28340fed5,2024-02-02,production,Toys,54.57,10,Patrick Parker,South
80b2db0c-6a24-45cf-96c2-b4aa72f78920,2023-01-27,career,Toys,132.21,10,Justin Clay,North
1f69cd43-68bf-4f7e-94dc-2301882ab925,2023-01-17,world,Toys,459.2,6,Christy Carter,West
76847398-fabb-46b6-97f4-3de414934a25,2024-10-23,modern,Electronics,296.99,10,Gary Williams,South
4bebcf4f-2c94-451d-92fa-3935ff283550,2024-06-28,four,Clothing,154.05,5,Kiara Rodriguez,West
ac73189c-6fdc-4e00-a0d9-da583db4cb81,2024-06-07,throughout,Electronics,459.45,4,Charles Valencia,North
05dd1ef0-0806-48c9-8967-49fbb2e02961,2024-09-09,less,Home,101.53,5,Elizabeth Alexander,North
d87d3afc-a370-4e8a-821a-c45bd5e32aef,2024-03-26,trade,Home,142.09,9,Nicholas Hicks,West
f9d0a163-def1-474a-9380-1f2544f06c4e,2023-03-02,run,Books,88.16,7,David Smith,West
fa4b0bc6-5121-431f-9028-361fa94501d7,2023-12-21,clear,Toys,415.71,1,Seth Gilmore,North
49954cf1-faaf-400c-a74b-3d208c3fa29f,2024-09-23,middle,Toys,65.05,3,Tina Pruitt,East
3fb230b2-b55d-4442-8884-e6660c661a49,2023-07-14,stay,Electronics,204.71,5,Jennifer Stewart,West
84403b37-b13b-4d4e-a368-f7d2d9732b86,2024-07-19,through,Electronics,469.52,7,Juan Wells,North
0e5bc44c-98de-4bf6-8273-4d1c23d83f22,2024-03-24,entire,Home,28.6,10,Andrew Robinson,East
47e77e2b-6b29-4a13-a37c-3644c9345ce7,2023-07-12,million,Toys,221.27,1,Jerry Barrera,North
f367dbe2-40e3-469f-b9b6-6d71951a0518,2024-06-22,growth,Toys,452.88,2,Debra Gregory,North
88653e42-cefe-43ec-a918-4b9f501049e2,2024-03-05,security,Electronics,120.1,5,Stephanie Turner,West
b550f221-72e5-4360-a3ae-b12e7d4fbfff,2024-08-31,network,Home,215.22,6,Kurt Barnes,East
2b66b1c0-5fdd-4329-ac74-9cf41f7550bc,2023-10-13,several,Clothing,349.31,3,Curtis Harmon,West
b4ca0142-3b23-4fd8-8d20-f686854df9b6,2023-04-30,such,Home,345.01,6,Marisa Hart,North
07d5e121-623a-45ae-ba31-a27cced4dd7c,2023-06-27,door,Toys,324.14,8,Shannon Smith,North
1932263c-4eec-45b0-94c3-0b503d0daad0,2024-04-23,stage,Toys,59.31,7,Alicia Russell,North
20f12d46-e775-427e-aec0-12f0d3100ac5,2023-03-29,another,Electronics,53.51,3,Daniel Graham,North
e4bd7d57-03e3-425b-b00b-1433f5d61476,2024-06-04,herself,Books,83.1,4,Nathaniel Henry,North
69f5a741-8686-4f29-9cb7-6bb9c0ff34b4,2024-09-23,win,Home,448.58,5,Denise Ponce,South
7ff5101d-3f1c-431b-86ff-76d11fe32b56,2024-03-20,Mrs,Books,399.33,5,Janet Moore,West
6e771359-677a-4eb7-84bf-c434481ce3f9,2024-07-12,everything,Toys,414.97,4,Benjamin Williams,South
ed4879e7-efd1-44ee-b287-c4407881307d,2024-08-21,indeed,Books,131.84,7,Helen Mcdonald,East
e30d04fd-b58c-4e9f-aa0b-20400ef05b6f,2024-01-31,tax,Home,326.56,3,Robert Morales,West
33d4a096-5b78-41ea-8634-3347daa6b26a,2023-04-28,nor,Home,289.6,4,Michael Reyes,East
cc869dea-38a7-4c54-a6b1-caba3fccb2c1,2024-01-14,rate,Toys,329.34,3,Judith Carroll,South
2fb01074-2532-4fd3-89f3-5bf84d03cbdd,2024-05-13,war,Toys,27.13,5,David Harding,South
8b4eb003-401a-4e8a-bba0-fd458d3ac4b9,2024-12-19,physical,Toys,280.66,7,Makayla Mitchell,North
dd3b8d93-3b8d-4d5b-ae66-5ecb06f9f4e6,2024-04-25,big,Books,375.92,10,Kristen Perkins,West
ecdd001e-6ad8-464d-b8c5-ee78d214f218,2023-07-01,food,Books,388.52,10,Deanna Pena,North
2826ef27-f190-4b53-b489-f5c7e22f6e82,2023-01-04,wall,Home,340.51,1,Eric Torres,South
20fa5cd3-8f5a-4ade-821d-3ead3e4c1362,2023-06-18,carry,Toys,263.91,9,Aaron Harris,North
ae63ad3a-94d7-4681-9551-1e14e18d99ce,2023-04-15,mother,Toys,496.95,6,Rebecca Smith,West
8625dcb0-3f79-4d31-beb7-78d62b021118,2024-06-26,challenge,Books,116.9,6,Kaylee Davis,East
cc713ba6-4ca4-4e01-8621-8f7ffcd4fb19,2024-04-04,check,Toys,416.27,4,Heidi Reyes,West
b57a5c03-cb85-4da6-9b01-98ffde21c855,2024-06-01,attack,Home,478.16,9,Lee Bass,North
75fc1b10-b8d1-4539-8562-8912bdf2b5a1,2024-08-11,world,Clothing,131.2,7,Emily Merritt,East
33251c76-d8ef-45c9-a7a2-d2d0ca3c4050,2024-11-01,grow,Books,206.86,9,Marcus Graves,East
618a4763-2af5-45a3-a97b-85380ff73f25,2023-04-16,day,Electronics,135.49,2,Jennifer Perry,North
6282c33d-3665-46a5-a34d-a412816a5ea8,2024-10-26,another,Electronics,112.32,9,Gina Schmitt,West
1a608f0d-7e41-42ad-86b0-915a8880f9fd,2024-05-02,agreement,Electronics,384.21,1,Charles Morgan,South
88662aba-1601-4cc6-9b16-0641207417e7,2023-04-23,might,Electronics,187.99,6,Zachary Beasley,North
e4d08ebe-d335-414c-a62c-e6a302fbad7c,2024-10-13,market,Books,337.03,8,Denise Campbell,North
bf33551d-f629-4535-82b3-3be214ed05bd,2024-08-08,bank,Home,295.08,7,Kevin Walker,West
65578e91-bee5-464d-be37-355efbdc678a,2024-09-14,painting,Home,133.01,5,Steven Adams,West
fc145cfe-469a-4289-ac91-c01e734c5192,2024-09-22,need,Electronics,496.77,3,Beverly Mitchell,West
a96e2bf4-5865-43b8-b915-486569967b5c,2024-03-28,apply,Electronics,189.93,7,Donald Smith,East
139e5ca2-b9e7-4780-821c-f26265739938,2024-04-20,chair,Electronics,34.88,9,Todd Garrett,South
96062930-2860-4311-8315-d334e47c98ea,2023-05-11,production,Clothing,499.53,9,Joanne Brown,North
dba620f1-35bb-4db0-bda3-14883e1fa8ac,2023-02-15,man,Books,257.12,1,John Perez,South
0dbcad25-daac-43a3-82f8-9ef40b9bcb7e,2023-03-17,order,Books,384.7,7,Dennis Mcdonald,East
b17078ee-1129-40f2-8f21-ae6a82e2f424,2023-07-30,central,Toys,321.5,8,Paul Shepard,South
b5cbb690-735b-4a80-bfbd-aeed723dc8f5,2023-03-09,order,Clothing,195.58,4,Ann Wilson,South
a9584453-c2ea-4172-a5a1-5243c7281f15,2023-07-22,evening,Books,88.05,4,Brady Daniels,South
e15093b0-a07a-4b89-998d-f20b226dded0,2024-04-21,be,Books,191.5,9,Donna Boyd,South
992e7dea-0374-4263-8a06-09aa827acd0d,2023-12-23,five,Electronics,408.43,5,Carol Noble,East
5ba48aa0-aab6-441b-99e8-484c25d203e3,2024-03-17,heavy,Electronics,435.67,10,Spencer Brooks,North
4c1f59df-f6b4-460b-9466-c7725df5672b,2024-08-21,wife,Electronics,212.28,6,Sierra Rivas,North
40e5e8fa-b033-4368-a443-a7378072b635,2023-07-13,case,Electronics,35.58,3,David Garcia,South
ce91e0c9-7abd-4241-85c2-b1052234c40f,2024-03-18,upon,Electronics,325.72,6,Jennifer Marshall,West
dafd518d-d55f-4e0e-af6b-e029bbef627f,2023-11-16,management,Books,98.14,1,Benjamin Skinner,West
56e16c2b-659b-4dcb-9bca-e27d331978eb,2023-01-26,while,Home,54.16,1,Carmen Lopez,North
23aa9e67-70bc-4ec1-8d29-d77a793910e6,2024-06-27,hospital,Clothing,143.76,1,Derek Taylor,West
f0041e32-4bc0-4de3-9197-b56179b68b95,2023-02-21,and,Clothing,73.8,5,Tyler Wallace,North
54f5edf7-e9bf-49f4-b373-9067cf085288,2023-04-13,girl,Books,30.36,2,Krystal Miles,East
9a642c24-a34a-4c3e-9a68-fa2a59581c94,2024-09-27,board,Home,355.9,2,Erin Sandoval,South
66b9b21b-9429-4726-a557-338d6175f16a,2023-12-10,upon,Toys,21.92,8,Edward Johnson,East
4c43745b-8063-4ef2-a534-28bbb20ed719,2023-02-08,blood,Books,349.68,8,Scott Barry,South
9090d244-c1d4-4db0-909b-f39cacb1691c,2023-09-20,probably,Toys,456.91,6,Sarah Kennedy,North
6e6b3eba-3055-484e-bc38-bfd6d7e23908,2023-09-09,research,Toys,16.24,1,John Higgins,North
2adb6a67-83ad-4758-83e1-592e3765002d,2023-07-10,break,Home,282.7,1,Carl Rollins,West
98ecdbc6-cec7-490b-a3e8-6d638278e1e5,2024-05-02,follow,Home,229.27,10,Matthew Gay,South
881f93bd-e669-46b6-81af-b76b84733c88,2023-11-06,really,Books,109.08,3,Jennifer Fernandez,South
d610de6d-819d-49b4-a949-2308c710fab3,2023-10-24,foot,Toys,178.76,8,Jerry Bradley MD,South
eac503ff-79d1-4233-a5c0-7ecfd38a1bdb,2024-11-27,partner,Toys,486.61,3,Victor Mckee,South
4d390362-6ef4-46b4-824c-222f577aa515,2023-01-11,history,Home,377.89,7,Jessica Zamora,East
86d77094-a689-4303-a807-092d74ca0c56,2023-08-12,couple,Home,405.83,2,Marvin Schaefer,South
31bf3b36-bac1-44b5-8a19-e5a80d5a2ad3,2024-05-15,spend,Clothing,55.5,3,Ralph Peck,West
b0fde8c9-7575-417c-81ca-37f5f7de1a61,2023-06-30,account,Electronics,146.72,10,Justin Rivera,West
98e16bc0-3385-49c7-84ad-e7b7119b0fb4,2023-06-07,realize,Electronics,381.13,9,Gabriela Sanchez,East
fa9f941a-41a0-44be-9b0d-ff111a6c3c25,2024-08-18,somebody,Electronics,355.25,6,Brent Moore,South
d35169bc-0044-4690-b17a-7c84cb3d7ee7,2023-03-04,may,Books,475.42,2,Michael Rivera,West
e55b88ff-f086-4962-b771-f867dfa2e52b,2024-03-29,interview,Home,340.04,8,Michael Evans,South
e83f3278-2c70-4901-9e3f-4f152f5c5cbe,2024-07-06,interview,Clothing,389.81,4,Tabitha Richards,North
9c017e5d-5c41-4fb5-a94a-29d3f73c3dce,2023-04-15,property,Books,153.98,10,Tammy Long,West
acac00dc-024e-4609-8486-4d26cfd09276,2023-07-05,difficult,Books,389.07,8,Alicia Chen,East
054961d6-0438-43d4-a81b-3fe3fda48455,2024-11-01,benefit,Books,328.05,5,Laura Phillips,West
2adfd824-edae-4c39-aa9e-062a9b89bf0d,2024-02-04,key,Home,214.86,8,Janet Phillips,North
f65a1a2a-4f76-4aac-9ec2-2e0cd4cd82fa,2023-06-08,top,Books,435.81,4,Darin Wells,East
d2bddb3b-649e-4503-bc73-7aead273dcbe,2023-12-11,example,Toys,250.6,7,Albert Johnson,South
dbb59fc2-5cff-496e-bd03-c81f7ff35029,2023-08-30,yet,Electronics,405.77,8,Edwin Williams,North
6e935faf-9502-41d5-967a-d0895acecdbf,2024-11-03,mention,Books,199.54,7,Annette Parker,West
0654f465-b311-49c4-9d86-fd12c8359b91,2023-01-02,lay,Electronics,69.53,7,Nancy Patterson,East
98082cf3-03a7-49aa-ac14-af79c4a0c1cd,2024-08-10,relationship,Electronics,425.61,3,Debbie Henderson,North
bd05bc2c-5a50-4a98-85c5-5e39881d0ee1,2023-07-07,mind,Toys,46.47,4,Emily Lara,West
